Date,"Elon Musk","Tesla, Inc."
2017-02-04,26892,1782
2017-02-05,25139,2058
2017-02-06,25707,2224
2017-02-07,27886,2476
2017-02-08,24202,3432
2017-02-09,22390,4009
2017-02-10,20018,3767
2017-02-11,18934,4323
2017-02-12,18811,5721
2017-02-13,21766,5960
2017-02-14,24758,6175
2017-02-15,32967,10592
2017-02-16,36317,16075
2017-02-17,37406,7037
2017-02-18,32672,6294
2017-02-19,44120,7052
2017-02-20,42701,7081
2017-02-21,30685,6770
2017-02-22,28288,7530
2017-02-23,28868,8528
2017-02-24,21694,6525
2017-02-25,20604,5965
2017-02-26,19399,5953
2017-02-27,29418,6734
2017-02-28,61982,7883
2017-03-01,38309,6879
2017-03-02,37638,6793
2017-03-03,26314,7212
2017-03-04,21421,5961
2017-03-05,39583,6736
2017-03-06,22248,6019
2017-03-07,21323,6178
2017-03-08,20580,6063
2017-03-09,19440,5976
2017-03-10,38129,6759
2017-03-11,31076,5777
2017-03-12,26242,5595
2017-03-13,30143,6447
2017-03-14,24108,6483
2017-03-15,22096,6379
2017-03-16,23324,6794
2017-03-17,18224,5921
2017-03-18,17653,5630
2017-03-19,20588,5959
2017-03-20,23508,6129
2017-03-21,21355,6375
2017-03-22,25393,6361
2017-03-23,20729,5689
2017-03-24,20242,5787
2017-03-25,20361,5911
2017-03-26,19514,5540
2017-03-27,24574,6266
2017-03-28,61438,9593
2017-03-29,41156,8124
2017-03-30,38849,7050
2017-03-31,64881,7201
2017-04-01,38515,5796
2017-04-02,37894,7150
2017-04-03,37619,12161
2017-04-04,39730,17168
2017-04-05,28691,11941
2017-04-06,28843,8950
2017-04-07,25081,7360
2017-04-08,24118,6540
2017-04-09,24742,6541
2017-04-10,30655,12566
2017-04-11,28873,12249
2017-04-12,25089,8653
2017-04-13,27743,9128
2017-04-14,26431,8612
2017-04-15,21214,6800
2017-04-16,21729,7161
2017-04-17,23647,7708
2017-04-18,29877,8448
2017-04-19,31567,7233
2017-04-20,25101,7471
2017-04-21,30913,7789
2017-04-22,26461,6794
2017-04-23,29197,6673
2017-04-24,187726,11408
2017-04-25,87674,9282
2017-04-26,41782,7658
2017-04-27,38440,7478
2017-04-28,41517,6888
2017-04-29,48057,6967
2017-04-30,40040,7701
2017-05-01,58299,8502
2017-05-02,49136,8405
2017-05-03,42561,8415
2017-05-04,43972,9529
2017-05-05,37546,7944
2017-05-06,32025,7219
2017-05-07,33177,6997
2017-05-08,32367,7576
2017-05-09,29547,7542
2017-05-10,30163,7631
2017-05-11,34020,8813
2017-05-12,36241,8067
2017-05-13,35011,6669
2017-05-14,34104,7068
2017-05-15,35801,7474
2017-05-16,27958,7260
2017-05-17,25908,7043
2017-05-18,25242,7557
2017-05-19,26687,7294
2017-05-20,21719,6237
2017-05-21,21323,6755
2017-05-22,24196,7607
2017-05-23,23752,7417
2017-05-24,22814,7187
2017-05-25,21857,6967
2017-05-26,21002,6827
2017-05-27,18255,5387
2017-05-28,24789,5955
2017-05-29,30011,6578
2017-05-30,31004,6906
2017-05-31,38910,6619
2017-06-01,75054,7874
2017-06-02,205380,9714
2017-06-03,36501,7148
2017-06-04,29249,6863
2017-06-05,27244,6861
2017-06-06,26564,6922
2017-06-07,25883,7132
2017-06-08,22364,6409
2017-06-09,21358,7170
2017-06-10,23930,6571
2017-06-11,21531,6101
2017-06-12,21652,6288
2017-06-13,23336,6657
2017-06-14,23152,6604
2017-06-15,24114,6335
2017-06-16,25648,6281
2017-06-17,22308,5368
2017-06-18,21670,5804
2017-06-19,24356,6115
2017-06-20,23158,6579
2017-06-21,25574,6643
2017-06-22,26322,6495
2017-06-23,24247,6907
2017-06-24,22416,5722
2017-06-25,24208,5702
2017-06-26,27530,6257
2017-06-27,25865,5798
2017-06-28,28186,5805
2017-06-29,28197,5861
2017-06-30,22006,5225
2017-07-01,19501,4874
2017-07-02,21318,5426
2017-07-03,26736,9705
2017-07-04,26153,9012
2017-07-05,27609,9571
2017-07-06,29005,9309
2017-07-07,54433,11132
2017-07-08,33416,8313
2017-07-09,35172,10912
2017-07-10,35279,11490
2017-07-11,31190,8651
2017-07-12,25622,7406
2017-07-13,23494,7037
2017-07-14,24238,6620
2017-07-15,22723,5825
2017-07-16,32494,6390
2017-07-17,35486,7140
2017-07-18,28800,6455
2017-07-19,25371,6529
2017-07-20,43112,7134
2017-07-21,50908,6816
2017-07-22,29173,5659
2017-07-23,26817,5801
2017-07-24,25176,6177
2017-07-25,42628,7388
2017-07-26,48187,8718
2017-07-27,34815,7657
2017-07-28,35312,8113
2017-07-29,48367,14591
2017-07-30,39821,11534
2017-07-31,42574,10937
2017-08-01,41759,9870
2017-08-02,34533,9207
2017-08-03,36728,11036
2017-08-04,33046,8973
2017-08-05,30365,7486
2017-08-06,49057,8381
2017-08-07,45001,8665
2017-08-08,43762,8305
2017-08-09,38182,7482
2017-08-10,33527,7012
2017-08-11,31923,6538
2017-08-12,32025,6171
2017-08-13,28513,6470
2017-08-14,30325,6713
2017-08-15,30152,6427
2017-08-16,30076,6381
2017-08-17,30337,6485
2017-08-18,25043,6027
2017-08-19,24452,6227
2017-08-20,29277,6124
2017-08-21,34535,6519
2017-08-22,32106,6785
2017-08-23,39623,7123
2017-08-24,39772,6855
2017-08-25,32603,5974
2017-08-26,26731,5222
2017-08-27,24374,5101
2017-08-28,29701,6024
2017-08-29,26269,5876
2017-08-30,25370,5930
2017-08-31,24686,6020
2017-09-01,21662,5576
2017-09-02,18976,5058
2017-09-03,22921,5609
2017-09-04,40538,6180
2017-09-05,50189,6702
2017-09-06,40303,6568
2017-09-07,28994,6340
2017-09-08,29014,6313
2017-09-09,27176,5315
2017-09-10,27143,6342
2017-09-11,27832,7430
2017-09-12,27166,7400
2017-09-13,25591,7017
2017-09-14,29696,7395
2017-09-15,26588,6328
2017-09-16,22278,5843
2017-09-17,21348,6167
2017-09-18,23296,6702
2017-09-19,23437,6724
2017-09-20,22839,6843
2017-09-21,23910,7069
2017-09-22,22677,7298
2017-09-23,19146,6028
2017-09-24,23400,6094
2017-09-25,22646,7058
2017-09-26,22688,7204
2017-09-27,24840,9202
2017-09-28,30849,7160
2017-09-29,99853,9173
2017-09-30,70245,7778
2017-10-01,47925,7423
2017-10-02,41572,7714
2017-10-03,38538,8411
2017-10-04,35709,7919
2017-10-05,34468,7217
2017-10-06,54233,8726
2017-10-07,50268,7989
2017-10-08,42393,7706
2017-10-09,43790,8686
2017-10-10,35628,7390
2017-10-11,31267,7336
2017-10-12,31497,7225
2017-10-13,29866,6646
2017-10-14,31601,9081
2017-10-15,32281,8621
2017-10-16,31950,8621
2017-10-17,27125,7900
2017-10-18,26066,7233
2017-10-19,26394,6734
2017-10-20,30545,6415
2017-10-21,27910,5811
2017-10-22,29161,6501
2017-10-23,30611,8185
2017-10-24,30376,8518
2017-10-25,30619,8743
2017-10-26,32150,8144
2017-10-27,30148,7140
2017-10-28,24846,5939
2017-10-29,48569,7784
2017-10-30,34503,7047
2017-10-31,26062,6809
2017-11-01,26815,7194
2017-11-02,30629,8751
2017-11-03,26096,6969
2017-11-04,24881,6387
2017-11-05,29900,6535
2017-11-06,26868,7097
2017-11-07,25405,7412
2017-11-08,30057,7417
2017-11-09,30996,7210
2017-11-10,27324,6326
2017-11-11,22906,5559
2017-11-12,24441,6267
2017-11-13,26947,7308
2017-11-14,25748,7170
2017-11-15,35158,7189
2017-11-16,47335,7677
2017-11-17,99455,29940
2017-11-18,69830,21930
2017-11-19,53280,16351
2017-11-20,53238,17643
2017-11-21,43589,13912
2017-11-22,41479,12013
2017-11-23,56897,11238
2017-11-24,46307,10478
2017-11-25,40717,9525
2017-11-26,41953,10533
2017-11-27,44349,11985
2017-11-28,55502,10831
2017-11-29,48088,10064
2017-11-30,44554,9340
2017-12-01,57455,10249
2017-12-02,46834,7910
2017-12-03,44289,8607
2017-12-04,42471,9153
2017-12-05,36683,8378
2017-12-06,33181,8004
2017-12-07,36064,8378
2017-12-08,40435,8341
2017-12-09,32601,7467
2017-12-10,34054,7920
2017-12-11,32201,8343
2017-12-12,33139,8354
2017-12-13,28726,7889
2017-12-14,30307,7297
2017-12-15,30650,6558
2017-12-16,27370,6177
2017-12-17,27990,6501
2017-12-18,25734,6765
2017-12-19,24736,7529
2017-12-20,33714,7442
2017-12-21,33795,6800
2017-12-22,33682,6268
2017-12-23,98509,8419
2017-12-24,58535,7156
2017-12-25,43943,6475
2017-12-26,39442,6910
2017-12-27,44501,9623
2017-12-28,37706,7270
2017-12-29,32511,6776
2017-12-30,33998,6208
2017-12-31,33326,5653
2018-01-01,33117,5775
2018-01-02,37168,7157
2018-01-03,42533,8119
2018-01-04,35766,8079
2018-01-05,45185,7180
2018-01-06,35464,7825
2018-01-07,39172,7450
2018-01-08,39113,8114
2018-01-09,37687,7653
2018-01-10,36206,8026
2018-01-11,30352,7349
2018-01-12,33917,7089
2018-01-13,31619,6431
2018-01-14,30790,6780
2018-01-15,29508,7576
2018-01-16,28622,7061
2018-01-17,28447,6977
2018-01-18,28749,6868
2018-01-19,26187,6253
2018-01-20,24159,5452
2018-01-21,24927,5860
2018-01-22,25876,6841
2018-01-23,45585,10175
2018-01-24,46983,10035
2018-01-25,34257,8063
2018-01-26,30762,7344
2018-01-27,27385,6177
2018-01-28,47630,7313
2018-01-29,55962,8460
2018-01-30,77831,8882
2018-01-31,49446,7719
2018-02-01,50541,7523
2018-02-02,47218,7201
2018-02-03,45062,8743
2018-02-04,41046,7191
2018-02-05,44441,7941
2018-02-06,306791,16794
2018-02-07,762749,34363
2018-02-08,399498,31172
2018-02-09,236762,21693
2018-02-10,202341,17514
2018-02-11,217878,18894
2018-02-12,174988,19106
2018-02-13,122346,14442
2018-02-14,88132,12180
2018-02-15,73920,10668
2018-02-16,65150,9507
2018-02-17,60738,8825
2018-02-18,56743,9699
2018-02-19,54801,10709
2018-02-20,55223,9992
2018-02-21,55442,9810
2018-02-22,52465,9332
2018-02-23,51517,10344
2018-02-24,43368,20511
2018-02-25,44035,9206
2018-02-26,42777,9569
2018-02-27,39242,8568
2018-02-28,36429,8081
2018-03-01,34119,7923
2018-03-02,34879,7183
2018-03-03,34298,6576
2018-03-04,33023,7060
2018-03-05,31118,7684
2018-03-06,34339,8518
2018-03-07,33751,8000
2018-03-08,36179,8068
2018-03-09,36621,7905
2018-03-10,36007,7380
2018-03-11,64518,9030
2018-03-12,94777,10571
2018-03-13,52024,9238
2018-03-14,53480,8902
2018-03-15,48640,8557
2018-03-16,42020,7428
2018-03-17,33494,6724
2018-03-18,43464,7497
2018-03-19,39716,8132
2018-03-20,41414,8024
2018-03-21,45398,9074
2018-03-22,43603,9312
2018-03-23,49667,8407
2018-03-24,68099,9011
2018-03-25,57560,8094
2018-03-26,69696,8909
2018-03-27,43273,8302
2018-03-28,33088,9648
2018-03-29,31278,13236
2018-03-30,32489,10453
2018-03-31,30701,8482
2018-04-01,34817,8936
2018-04-02,42457,12994
2018-04-03,39222,11696
2018-04-04,32431,9144
2018-04-05,33471,8412
2018-04-06,27686,7420
2018-04-07,25527,6350
2018-04-08,26011,6938
2018-04-09,32192,7847
2018-04-10,27970,7578
2018-04-11,28971,7296
2018-04-12,28986,7819
2018-04-13,37370,7821
2018-04-14,28072,6778
2018-04-15,28083,7785
2018-04-16,28732,7881
2018-04-17,30205,8617
2018-04-18,30623,8303
2018-04-19,31127,8008
2018-04-20,24036,6576
2018-04-21,19780,5649
2018-04-22,23669,6363
2018-04-23,29102,7775
2018-04-24,23799,7069
2018-04-25,23708,6879
2018-04-26,24394,6959
2018-04-27,22060,5970
2018-04-28,18771,5686
2018-04-29,20116,5821
2018-04-30,26461,6983
2018-05-01,23197,6487
2018-05-02,26741,8118
2018-05-03,48452,12338
2018-05-04,36467,9101
2018-05-05,26660,6996
2018-05-06,35178,7407
2018-05-07,43763,9027
2018-05-08,188242,12017
2018-05-09,105568,9601
2018-05-10,67302,9045
2018-05-11,56848,8300
2018-05-12,55396,7917
2018-05-13,41200,7876
2018-05-14,42411,8684
2018-05-15,37334,8337
2018-05-16,29883,7423
2018-05-17,27178,7127
2018-05-18,33880,6798
2018-05-19,31172,5966
2018-05-20,37396,6933
2018-05-21,30840,7713
2018-05-22,34499,7917
2018-05-23,32299,7974
2018-05-24,40618,7598
2018-05-25,36121,7268
2018-05-26,29472,8061
2018-05-27,31534,7008
2018-05-28,34209,7531
2018-05-29,31628,6919
2018-05-30,28007,8341
2018-05-31,23590,7470
2018-06-01,23129,6576
2018-06-02,23917,6017
2018-06-03,23960,5985
2018-06-04,27452,6748
2018-06-05,25728,6354
2018-06-06,32320,8656
2018-06-07,27828,7071
2018-06-08,22133,6171
2018-06-09,21619,5402
2018-06-10,27637,6183
2018-06-11,25820,6418
2018-06-12,28161,8323
2018-06-13,26020,9056
2018-06-14,30420,7118
2018-06-15,29945,6047
2018-06-16,29956,6015
2018-06-17,33229,7155
2018-06-18,25314,6589
2018-06-19,31338,7794
2018-06-20,23494,6199
2018-06-21,21828,5606
2018-06-22,21931,5709
2018-06-23,20200,4814
2018-06-24,19334,5046
2018-06-25,19649,5332
2018-06-26,20747,5302
2018-06-27,38555,5659
2018-06-28,32272,5702
2018-06-29,39182,5888
2018-06-30,23308,4916
2018-07-01,22681,5249
2018-07-02,22385,7226
2018-07-03,20544,6495
2018-07-04,20394,5759
2018-07-05,23557,5905
2018-07-06,67182,6866
2018-07-07,84669,7464
2018-07-08,98902,8310
2018-07-09,104898,9246
2018-07-10,134342,11786
2018-07-11,71958,9290
2018-07-12,66522,7741
2018-07-13,46155,6919
2018-07-14,41990,6685
2018-07-15,73060,7594
2018-07-16,138089,10754
2018-07-17,64041,8395
2018-07-18,70714,9712
2018-07-19,38583,7706
2018-07-20,31715,6405
2018-07-21,32210,5994
2018-07-22,38015,6728
2018-07-23,36711,8090
2018-07-24,29445,7001
2018-07-25,34224,6476
2018-07-26,37601,6362
2018-07-27,30253,5916
2018-07-28,26595,5099
2018-07-29,26006,5967
2018-07-30,27071,6697
2018-07-31,25421,6769
2018-08-01,27781,7798
2018-08-02,32178,9794
2018-08-03,25540,6768
2018-08-04,23872,5730
2018-08-05,21250,5765
2018-08-06,21726,6156
2018-08-07,45756,12608
2018-08-08,68522,16374
2018-08-09,39386,9452
2018-08-10,29277,7399
2018-08-11,29331,6677
2018-08-12,27309,6929
2018-08-13,34811,8726
2018-08-14,45230,9240
2018-08-15,34468,8286
2018-08-16,31507,8057
2018-08-17,95795,12774
2018-08-18,78897,11609
2018-08-19,57598,9732
2018-08-20,58736,11263
2018-08-21,52533,10216
2018-08-22,40148,8211
2018-08-23,34862,7794
2018-08-24,30319,8119
2018-08-25,38690,9223
2018-08-26,30917,7567
2018-08-27,30278,8092
2018-08-28,26958,7912
2018-08-29,35900,7542
2018-08-30,28314,6927
2018-08-31,22565,6061
2018-09-01,22859,5494
2018-09-02,28434,5520
2018-09-03,32315,6419
2018-09-04,33175,6892
2018-09-05,46708,8192
2018-09-06,37919,6935
2018-09-07,288983,19932
2018-09-08,268770,20550
2018-09-09,167129,13965
2018-09-10,143543,14189
2018-09-11,116001,12716
2018-09-12,96038,10885
2018-09-13,78115,10085
2018-09-14,65966,9908
2018-09-15,56564,8778
2018-09-16,54775,7536
2018-09-17,69367,9649
2018-09-18,96631,11593
2018-09-19,63450,10137
2018-09-20,46661,8615
2018-09-21,44800,7316
2018-09-22,40948,6331
2018-09-23,37674,6516
2018-09-24,35170,7951
2018-09-25,32089,7461
2018-09-26,38916,7116
2018-09-27,40307,8532
2018-09-28,74238,14413
2018-09-29,64550,12451
2018-09-30,130419,24267
2018-10-01,79404,16096
2018-10-02,57483,12392
2018-10-03,44161,10272
2018-10-04,39654,8999
2018-10-05,44315,8397
2018-10-06,37870,6765
2018-10-07,33111,6906
2018-10-08,55523,8886
2018-10-09,41376,8373
2018-10-10,47178,8039
2018-10-11,38867,7946
2018-10-12,37112,7043
2018-10-13,24382,6275
2018-10-14,51581,6776
2018-10-15,32387,8328
2018-10-16,33666,7528
2018-10-17,32336,7661
2018-10-18,28732,7036
2018-10-19,26081,7128
2018-10-20,39054,6704
2018-10-21,33284,6597
2018-10-22,39351,7783
2018-10-23,37496,8115
2018-10-24,31926,9014
2018-10-25,32820,11195
2018-10-26,31858,8582
2018-10-27,28999,6914
2018-10-28,35917,8005
2018-10-29,54878,8402
2018-10-30,37859,7870
2018-10-31,31374,6861
2018-11-01,37914,6764
2018-11-02,37707,6676
2018-11-03,37393,6100
2018-11-04,44648,6665
2018-11-05,29314,7458
2018-11-06,32267,7021
2018-11-07,36670,6446
2018-11-08,81662,9691
2018-11-09,43044,8284
2018-11-10,25625,6417
2018-11-11,27141,6593
2018-11-12,25513,7036
2018-11-13,52853,7427
2018-11-14,29014,7118
2018-11-15,26295,6811
2018-11-16,45490,6314
2018-11-17,23521,5652
2018-11-18,26230,5779
2018-11-19,31031,7004
2018-11-20,33410,6586
2018-11-21,39970,6601
2018-11-22,25941,5914
2018-11-23,21477,5352
2018-11-24,22678,5048
2018-11-25,30557,7310
2018-11-26,42546,8028
2018-11-27,39735,8403
2018-11-28,35115,7863
2018-11-29,35265,7525
2018-11-30,31742,6908
2018-12-01,26501,6424
2018-12-02,28665,6947
2018-12-03,30761,7521
2018-12-04,25617,7329
2018-12-05,25931,7266
2018-12-06,25902,6929
2018-12-07,29849,6387
2018-12-08,35837,6152
2018-12-09,35183,7378
2018-12-10,139375,11186
2018-12-11,51141,8238
2018-12-12,34445,7417
2018-12-13,33165,7314
2018-12-14,32380,7087
2018-12-15,30419,5961
2018-12-16,30853,6511
2018-12-17,28705,6976
2018-12-18,30374,6989
2018-12-19,59683,8227
2018-12-20,46650,7611
2018-12-21,36737,6665
2018-12-22,36967,6686
2018-12-23,34401,6654
2018-12-24,33106,6392
2018-12-25,28566,6117
2018-12-26,29305,6651
2018-12-27,34766,7722
2018-12-28,34549,7534
2018-12-29,30535,6910
2018-12-30,27453,6560
2018-12-31,25586,5919
2019-01-01,28030,5551
2019-01-02,33958,8186
2019-01-03,33372,7904
2019-01-04,32507,6869
2019-01-05,35012,6559
2019-01-06,32088,6675
2019-01-07,32784,8013
2019-01-08,30115,7835
2019-01-09,30148,7670
2019-01-10,30741,7686
2019-01-11,30983,7321
2019-01-12,27671,6370
2019-01-13,27216,6639
2019-01-14,26992,6970
2019-01-15,26757,7039
2019-01-16,25280,6600
2019-01-17,26055,6788
2019-01-18,30874,9558
2019-01-19,26971,7477
2019-01-20,23641,6499
2019-01-21,23609,6513
2019-01-22,23840,6708
2019-01-23,24729,6808
2019-01-24,26610,6990
2019-01-25,22903,6080
2019-01-26,21245,5373
2019-01-27,23192,6278
2019-01-28,29121,7287
2019-01-29,26292,7046
2019-01-30,27400,7423
2019-01-31,26141,8036
2019-02-01,24645,7070
2019-02-02,26859,5968
2019-02-03,25847,5967
2019-02-04,25322,6734
2019-02-05,24909,7004
2019-02-06,25939,7123
2019-02-07,25628,6992
2019-02-08,25751,6589
2019-02-09,26924,5868
2019-02-10,28532,6203
2019-02-11,27735,7067
2019-02-12,27298,6884
2019-02-13,28017,7033
2019-02-14,26195,6254
2019-02-15,22712,5708
2019-02-16,22527,5751
2019-02-17,23782,5909
2019-02-18,22964,6186
2019-02-19,23254,6852
2019-02-20,25496,7217
2019-02-21,25009,6643
2019-02-22,33154,6502
2019-02-23,42613,6205
2019-02-24,33166,6126
2019-02-25,33654,7095
2019-02-26,43544,8310
2019-02-27,36064,7221
2019-02-28,31182,7500
2019-03-01,36287,11218
2019-03-02,63845,9175
2019-03-03,66604,8913
2019-03-04,49519,10543
2019-03-05,36900,9009
2019-03-06,40091,9042
2019-03-07,36945,8428
2019-03-08,38701,7831
2019-03-09,36235,7029
2019-03-10,33760,7477
2019-03-11,33072,8775
2019-03-12,35636,7690
2019-03-13,42348,7474
2019-03-14,34215,8275
2019-03-15,43192,13958
2019-03-16,38266,10774
2019-03-17,36545,9479
2019-03-18,34324,9929
2019-03-19,34617,8852
2019-03-20,34754,7814
2019-03-21,30316,7378
2019-03-22,28720,6959
2019-03-23,27257,6385
2019-03-24,28666,6693
2019-03-25,27867,7432
2019-03-26,27929,7077
2019-03-27,28664,7002
2019-03-28,26870,6852
2019-03-29,24047,6158
2019-03-30,23589,5666
2019-03-31,29348,6243
2019-04-01,38662,7359
2019-04-02,32667,7148
2019-04-03,28141,6656
2019-04-04,33659,8829
2019-04-05,32708,7090
2019-04-06,26798,5889
2019-04-07,26691,6515
2019-04-08,26592,7101
2019-04-09,26237,7055
2019-04-10,26090,6469
2019-04-11,26972,6716
2019-04-12,38571,6947
2019-04-13,33940,6075
2019-04-14,32701,6496
2019-04-15,28325,6689
2019-04-16,27899,6675
2019-04-17,27110,7128
2019-04-18,25404,6131
2019-04-19,28623,5708
2019-04-20,33153,6055
2019-04-21,35379,6448
2019-04-22,33348,8220
2019-04-23,35144,9407
2019-04-24,33383,9150
2019-04-25,33637,9578
2019-04-26,29158,7658
2019-04-27,30161,6725
2019-04-28,27773,6788
2019-04-29,27068,6956
2019-04-30,26559,6709
2019-05-01,25905,7136
2019-05-02,29189,7564
2019-05-03,30612,7355
2019-05-04,29476,6129
2019-05-05,27485,6574
2019-05-06,26735,6777
2019-05-07,25792,6558
2019-05-08,26507,7211
2019-05-09,28151,7081
2019-05-10,33728,7223
2019-05-11,34789,6602
2019-05-12,31305,7052
2019-05-13,27809,6983
2019-05-14,26276,6783
2019-05-15,27812,6735
2019-05-16,28610,6840
2019-05-17,31382,6664
2019-05-18,28743,5945
2019-05-19,27027,6099
2019-05-20,30145,7247
2019-05-21,31865,7920
2019-05-22,30498,8295
2019-05-23,27899,7438
2019-05-24,31014,7384
2019-05-25,26833,6043
2019-05-26,28176,6552
2019-05-27,26179,6763
2019-05-28,25739,6896
2019-05-29,25068,7328
2019-05-30,26188,6482
2019-05-31,24631,6176
2019-06-01,21475,5209
2019-06-02,21884,5835
2019-06-03,21848,6750
2019-06-04,21868,6702
2019-06-05,24153,6141
2019-06-06,20301,5922
2019-06-07,19777,5901
2019-06-08,18684,5356
2019-06-09,20944,5364
2019-06-10,20507,5575
2019-06-11,21278,5881
2019-06-12,22085,6955
2019-06-13,28239,6594
2019-06-14,26582,6320
2019-06-15,24348,5770
2019-06-16,27045,7000
2019-06-17,30748,7825
2019-06-18,26832,6562
2019-06-19,24088,6909
2019-06-20,22563,6519
2019-06-21,22035,5625
2019-06-22,20789,5088
2019-06-23,24676,6463
2019-06-24,24661,6794
2019-06-25,25168,8663
2019-06-26,22848,7116
2019-06-27,22036,5984
2019-06-28,34406,6198
2019-06-29,26154,5160
2019-06-30,23118,5850
2019-07-01,22424,5836
2019-07-02,20250,6237
2019-07-03,22881,7601
2019-07-04,19699,6752
2019-07-05,19246,6785
2019-07-06,18708,6098
2019-07-07,20789,7167
2019-07-08,20115,7175
2019-07-09,20145,6281
2019-07-10,29229,7071
2019-07-11,21922,6224
2019-07-12,22416,6758
2019-07-13,21430,5757
2019-07-14,24090,6557
2019-07-15,23647,6480
2019-07-16,27580,6812
2019-07-17,45796,7587
2019-07-18,46675,7507
2019-07-19,36250,6936
2019-07-20,32627,6605
2019-07-21,44064,7001
2019-07-22,40880,7636
2019-07-23,33876,6983
2019-07-24,30206,7558
2019-07-25,32764,10557
2019-07-26,31191,8406
2019-07-27,28458,7533
2019-07-28,29691,7519
2019-07-29,28066,7537
2019-07-30,26274,7249
2019-07-31,26446,6501
2019-08-01,24721,6155
2019-08-02,22631,6144
2019-08-03,21576,5702
2019-08-04,21703,5852
2019-08-05,20731,5839
2019-08-06,21865,5979
2019-08-07,22443,5921
2019-08-08,20980,6172
2019-08-09,20588,5547
2019-08-10,19751,5057
2019-08-11,22876,5833
2019-08-12,22109,6180
2019-08-13,22199,6117
2019-08-14,21102,6105
2019-08-15,19823,5507
2019-08-16,22725,5706
2019-08-17,24112,5570
2019-08-18,23157,6095
2019-08-19,23703,6244
2019-08-20,25974,6722
2019-08-21,26350,6703
2019-08-22,22964,6673
2019-08-23,21548,6201
2019-08-24,20155,5673
2019-08-25,20960,6000
2019-08-26,22713,6284
2019-08-27,21545,6089
2019-08-28,21871,6268
2019-08-29,26987,6286
2019-08-30,24358,6244
2019-08-31,21194,7053
2019-09-01,23110,6091
2019-09-02,24171,5916
2019-09-03,23935,5870
2019-09-04,22540,6287
2019-09-05,22744,6518
2019-09-06,23606,6671
2019-09-07,24342,6128
2019-09-08,24204,6259
2019-09-09,27818,7061
2019-09-10,27294,7874
2019-09-11,25485,7702
2019-09-12,26067,7268
2019-09-13,24129,6918
2019-09-14,21888,6154
2019-09-15,23192,6881
2019-09-16,25336,7170
2019-09-17,30661,8316
2019-09-18,26246,7640
2019-09-19,24042,7623
2019-09-20,26241,6878
2019-09-21,21791,6046
2019-09-22,22210,6791
2019-09-23,25453,7687
2019-09-24,24965,7764
2019-09-25,26444,7521
2019-09-26,25432,7622
2019-09-27,23884,7684
2019-09-28,22177,6600
2019-09-29,40358,7774
2019-09-30,43121,8507
2019-10-01,32455,8014
2019-10-02,28434,8213
2019-10-03,27359,8617
2019-10-04,24966,6930
2019-10-05,22368,6456
2019-10-06,23532,7927
2019-10-07,25377,8674
2019-10-08,26142,7895
2019-10-09,25141,7686
2019-10-10,24537,7490
2019-10-11,22841,7276
2019-10-12,19777,6315
2019-10-13,22674,6822
2019-10-14,33307,7986
2019-10-15,26771,7771
2019-10-16,24736,7847
2019-10-17,24128,7848
2019-10-18,23058,7356
2019-10-19,20618,6425
2019-10-20,21043,7242
2019-10-21,22350,7617
2019-10-22,25732,7578
2019-10-23,24866,8365
2019-10-24,27212,10840
2019-10-25,22611,8928
2019-10-26,21992,7183
2019-10-27,31960,7693
2019-10-28,27289,7931
2019-10-29,25594,8286
2019-10-30,40859,8807
2019-10-31,32926,7671
2019-11-01,25481,6474
2019-11-02,25323,6627
2019-11-03,27148,7497
2019-11-04,25984,8061
2019-11-05,24707,7754
2019-11-06,26009,7825
2019-11-07,23684,7855
2019-11-08,23037,6993
2019-11-09,21183,6022
2019-11-10,23249,6564
2019-11-11,25107,7276
2019-11-12,26436,7980
2019-11-13,35145,13072
2019-11-14,29321,10329
2019-11-15,24192,6937
2019-11-16,22872,6012
2019-11-17,23750,6607
2019-11-18,24887,8123
2019-11-19,23729,7989
2019-11-20,24033,7774
2019-11-21,25053,8708
2019-11-22,73829,24806
2019-11-23,91101,22629
2019-11-24,85714,26187
2019-11-25,84730,28231
2019-11-26,70106,19846
2019-11-27,60360,16533
2019-11-28,52343,14028
2019-11-29,44711,11772
2019-11-30,40799,10764
2019-12-01,40032,11114
2019-12-02,39350,11165
2019-12-03,43148,10815
2019-12-04,51054,10956
2019-12-05,50419,10652
2019-12-06,48950,9332
2019-12-07,58136,9654
2019-12-08,38441,9397
2019-12-09,38123,9531
2019-12-10,34937,9241
2019-12-11,36918,8798
2019-12-12,34019,8647
2019-12-13,35083,7975
2019-12-14,32795,6967
2019-12-15,31666,7201
2019-12-16,26450,7797
2019-12-17,25683,7648
2019-12-18,26231,7600
2019-12-19,23021,7167
2019-12-20,21305,7042
2019-12-21,21594,6237
2019-12-22,40649,7903
2019-12-23,57988,8495
2019-12-24,35518,7866
2019-12-25,26905,6967
2019-12-26,26112,7539
2019-12-27,25981,8279
2019-12-28,31957,7826
2019-12-29,35238,7787
2019-12-30,36101,9128
2019-12-31,28073,7348
2020-01-01,28496,7010
2020-01-02,29316,8942
2020-01-03,26477,10138
2020-01-04,25696,8801
2020-01-05,27560,8731
2020-01-06,26239,8576
2020-01-07,36245,10650
2020-01-08,46901,11062
2020-01-09,148682,13823
2020-01-10,96203,10480
2020-01-11,60376,8483
2020-01-12,44941,8368
2020-01-13,40705,10339
2020-01-14,38267,11451
2020-01-15,34095,10153
2020-01-16,30975,9477
2020-01-17,30343,8729
2020-01-18,31808,7435
2020-01-19,37411,12391
2020-01-20,38347,10562
2020-01-21,37312,9917
2020-01-22,41359,12546
2020-01-23,42641,13959
2020-01-24,35995,10348
2020-01-25,27265,8103
2020-01-26,26340,7917
2020-01-27,25681,8248
2020-01-28,25065,8293
2020-01-29,27163,9716
2020-01-30,35094,13463
2020-01-31,44072,9963
2020-02-01,50228,8285
2020-02-02,54803,8538
2020-02-03,42126,11521
2020-02-04,57766,19823
2020-02-05,57994,16947
2020-02-06,43931,12910
2020-02-07,40466,10055
2020-02-08,39256,8343
2020-02-09,41090,8925
2020-02-10,40515,10201
2020-02-11,36491,10348
2020-02-12,35999,9644
2020-02-13,33373,9833
2020-02-14,29521,8190
2020-02-15,29915,8000
2020-02-16,31156,8603
2020-02-17,30906,9023
2020-02-18,35671,9541
2020-02-19,39223,10129
2020-02-20,36620,10746
2020-02-21,43071,8926
2020-02-22,35351,7956
2020-02-23,40083,8370
2020-02-24,45237,9610
2020-02-25,37536,8567
2020-02-26,32872,8388
2020-02-27,32616,7873
2020-02-28,31310,7855
2020-02-29,30259,6673
2020-03-01,30857,6889
2020-03-02,27501,7367
2020-03-03,28060,7646
2020-03-04,28163,7492
2020-03-05,32986,7504
2020-03-06,49797,7386
2020-03-07,47610,6695
2020-03-08,35173,6382
2020-03-09,31807,7715
2020-03-10,37093,9192
2020-03-11,33273,7885
2020-03-12,25821,6883
2020-03-13,23422,5737
2020-03-14,22632,5418
2020-03-15,23175,5544
2020-03-16,19374,5784
2020-03-17,19962,5837
2020-03-18,20047,6605
2020-03-19,24365,6169
2020-03-20,25187,5687
2020-03-21,23566,5257
2020-03-22,24796,5645
2020-03-23,22862,5699
2020-03-24,28606,6074
2020-03-25,25766,6461
2020-03-26,26610,6344
2020-03-27,34595,6216
2020-03-28,31180,6226
2020-03-29,27447,6764
2020-03-30,26373,6354
2020-03-31,26220,6380
2020-04-01,26291,6670
2020-04-02,30346,7278
2020-04-03,28310,7284
2020-04-04,26272,6585
2020-04-05,26434,6801
2020-04-06,26141,6686
2020-04-07,25861,5926
2020-04-08,28773,6710
2020-04-09,24594,6348
2020-04-10,23972,6590
2020-04-11,23082,5931
2020-04-12,24112,5996
2020-04-13,24533,6446
2020-04-14,23538,6671
2020-04-15,24248,6870
2020-04-16,28095,7191
2020-04-17,29485,6944
2020-04-18,33211,7555
2020-04-19,37016,7156
2020-04-20,44302,8006
2020-04-21,42085,7275
2020-04-22,38995,7141
2020-04-23,39203,7000
2020-04-24,37516,6823
2020-04-25,38445,7079
2020-04-26,39143,7005
2020-04-27,39315,7508
2020-04-28,36989,8167
2020-04-29,57395,9788
2020-04-30,86620,11789
2020-05-01,106774,12436
2020-05-02,130996,15870
2020-05-03,72831,11609
2020-05-04,59491,9494
2020-05-05,586814,18142
2020-05-06,795486,24864
2020-05-07,587169,21653
2020-05-08,420053,17790
2020-05-09,277367,16753
2020-05-10,262326,19757
2020-05-11,191096,16301
2020-05-12,191436,24619
2020-05-13,139146,20454
2020-05-14,106717,15186
2020-05-15,92966,11172
2020-05-16,86327,9902
2020-05-17,82361,9830
2020-05-18,94571,13226
2020-05-19,73154,9012
2020-05-20,62238,8813
2020-05-21,58277,11345
2020-05-22,54991,8595
2020-05-23,60241,8275
2020-05-24,67058,8464
2020-05-25,143530,9840
2020-05-26,167007,11522
2020-05-27,413455,21241
2020-05-28,184399,13687
2020-05-29,115422,11717
2020-05-30,563452,26870
2020-05-31,546718,30564
2020-06-01,225673,16745
2020-06-02,135418,12072
2020-06-03,110834,10622
2020-06-04,96000,10186
2020-06-05,105004,10330
2020-06-06,89639,9811
2020-06-07,84323,9818
2020-06-08,68482,9744
2020-06-09,64865,10125
2020-06-10,61686,11642
2020-06-11,56349,11612
2020-06-12,50438,9411
2020-06-13,52369,8748
2020-06-14,52080,12076
2020-06-15,45593,8980
2020-06-16,55400,8446
2020-06-17,64927,8806
2020-06-18,59196,8488
2020-06-19,53014,7898
2020-06-20,54807,7770
2020-06-21,51724,7658
2020-06-22,43450,7626
2020-06-23,47706,7011
2020-06-24,37553,6806
2020-06-25,37767,7030
2020-06-26,39599,7197
2020-06-27,40412,7284
2020-06-28,72094,9127
2020-06-29,49138,8127
2020-06-30,37123,8055
2020-07-01,42883,11293
2020-07-02,51323,16243
2020-07-03,44818,11420
2020-07-04,43500,8625
2020-07-05,109091,11087
2020-07-06,79296,12114
2020-07-07,57696,11317
2020-07-08,50227,9334
2020-07-09,46403,9174
2020-07-10,47925,10721
2020-07-11,65363,12434
2020-07-12,52763,11377
2020-07-13,55103,13516
2020-07-14,52903,11612
2020-07-15,52016,10320
2020-07-16,56392,9443
2020-07-17,45434,8564
2020-07-18,44869,8100
2020-07-19,42529,8227
2020-07-20,44833,8690
2020-07-21,65956,10207
2020-07-22,70884,13000
2020-07-23,62623,18762
2020-07-24,52229,10393
2020-07-25,102111,11306
2020-07-26,102732,10484
2020-07-27,77642,10097
2020-07-28,72223,9642
2020-07-29,57257,9306
2020-07-30,47936,8777
2020-07-31,42096,7409
2020-08-01,43689,7225
2020-08-02,117806,10357
2020-08-03,87769,10079
2020-08-04,51543,8289
2020-08-05,44268,7979
2020-08-06,38597,7488
2020-08-07,38147,7419
2020-08-08,40599,7501
2020-08-09,39269,7492
2020-08-10,35530,7215
2020-08-11,34532,7427
2020-08-12,35131,8302
2020-08-13,32564,7901
2020-08-14,32294,7475
2020-08-15,30380,6557
2020-08-16,646227,7367
2020-08-17,83119,9113
2020-08-18,70177,11162
2020-08-19,57920,10545
2020-08-20,45228,10573
2020-08-21,40546,10700
2020-08-22,37561,9557
2020-08-23,38562,8770
2020-08-24,35732,10755
2020-08-25,35432,10694
2020-08-26,38090,9521
2020-08-27,56437,10841
2020-08-28,53065,10314
2020-08-29,77074,10442
2020-08-30,63387,10097
2020-08-31,59615,13317
2020-09-01,70411,15152
2020-09-02,67453,13535
2020-09-03,58027,11882
2020-09-04,52742,10238
2020-09-05,45142,9155
2020-09-06,43570,8886
2020-09-07,39365,8925
2020-09-08,40861,11439
2020-09-09,41840,12057
2020-09-10,40845,10693
2020-09-11,45118,9929
2020-09-12,40722,8601
2020-09-13,37171,8219
2020-09-14,36718,8828
2020-09-15,34691,9250
2020-09-16,32376,8495
2020-09-17,33642,8522
2020-09-18,32369,8493
2020-09-19,30367,7535
2020-09-20,32785,7967
2020-09-21,37303,10233
2020-09-22,41277,13009
2020-09-23,43239,13882
2020-09-24,34091,10523
2020-09-25,30454,8647
2020-09-26,30535,8050
2020-09-27,31983,8669
2020-09-28,31858,8808
2020-09-29,35382,9073
2020-09-30,32634,8158
2020-10-01,29698,7555
2020-10-02,29126,8573
2020-10-03,26968,7654
2020-10-04,28205,7797
2020-10-05,26358,7858
2020-10-06,26398,7603
2020-10-07,29286,9062
2020-10-08,27670,8193
2020-10-09,26059,7448
2020-10-10,26880,6750
2020-10-11,29044,7734
2020-10-12,27659,9423
2020-10-13,27765,7906
2020-10-14,26958,8141
2020-10-15,30884,9123
2020-10-16,29149,7591
2020-10-17,26821,6685
2020-10-18,29542,7822
2020-10-19,30233,8207
2020-10-20,29798,7815
2020-10-21,30119,8284
2020-10-22,30251,9318
2020-10-23,27144,7598
2020-10-24,26475,7268
2020-10-25,27529,7730
2020-10-26,27872,8078
2020-10-27,27108,7763
2020-10-28,27422,7660
2020-10-29,28110,7263
2020-10-30,31769,7107
2020-10-31,33794,6522
2020-11-01,30488,6767
2020-11-02,31730,7690
2020-11-03,29807,7632
2020-11-04,25316,6134
2020-11-05,26821,6514
2020-11-06,30052,7057
2020-11-07,32799,6615
2020-11-08,35390,6714
2020-11-09,37426,8194
2020-11-10,38657,7252
2020-11-11,36466,7197
2020-11-12,35404,7610
2020-11-13,55873,8172
2020-11-14,59394,7072
2020-11-15,63673,8065
2020-11-16,98917,11072
2020-11-17,76403,13525
2020-11-18,63169,12096
2020-11-19,53912,11323
2020-11-20,40775,9487
2020-11-21,38259,8385
2020-11-22,39899,8900
2020-11-23,38947,9474
2020-11-24,147788,23032
2020-11-25,127123,20600
2020-11-26,70502,13152
2020-11-27,59221,11271
2020-11-28,53843,10597
2020-11-29,47906,9944
2020-11-30,45445,10494
2020-12-01,45605,10678
2020-12-02,50460,10607
2020-12-03,50245,10299
2020-12-04,45189,9384
2020-12-05,46829,8611
2020-12-06,45106,8861
2020-12-07,42981,9519
2020-12-08,54438,11448
2020-12-09,91839,12960
2020-12-10,93467,12010
2020-12-11,61300,10050
2020-12-12,55540,9543
2020-12-13,53113,9842
2020-12-14,56409,10290
2020-12-15,47999,9898
2020-12-16,46801,9325
2020-12-17,53116,9298
2020-12-18,48275,9670
2020-12-19,48985,9609
2020-12-20,54398,10134
2020-12-21,48880,10992
2020-12-22,42839,10700
2020-12-23,48357,13650
2020-12-24,44365,10400
2020-12-25,41989,9101
2020-12-26,48798,9759
2020-12-27,50914,10178
2020-12-28,47938,12617
2020-12-29,45999,12673
2020-12-30,45161,11932
2020-12-31,43468,11048
2021-01-01,50670,10392
2021-01-02,55878,12527
2021-01-03,54266,14480
2021-01-04,48032,14115
2021-01-05,50404,13587
2021-01-06,49519,12751
2021-01-07,358696,40655
2021-01-08,561264,64512
2021-01-09,347695,41287
2021-01-10,265106,31481
2021-01-11,217842,28201
2021-01-12,212710,29399
2021-01-13,194133,32051
2021-01-14,166265,28150
2021-01-15,130771,21552
2021-01-16,122955,18768
2021-01-17,120845,17924
2021-01-18,107056,16780
2021-01-19,94041,15459
2021-01-20,90449,15426
2021-01-21,91778,14942
2021-01-22,117285,15170
2021-01-23,113987,14633
2021-01-24,108226,15412
2021-01-25,102942,14918
2021-01-26,96717,14534
2021-01-27,107143,16446
2021-01-28,103654,19541
2021-01-29,138691,18215
2021-01-30,122829,15317
2021-01-31,107472,14263
2021-02-01,116255,15099
2021-02-02,137815,17693
2021-02-03,130372,17173
2021-02-04,112561,14996
2021-02-05,91360,13352
2021-02-06,90583,16810
2021-02-07,102022,20796
2021-02-08,121239,21906
2021-02-09,119102,22224
2021-02-10,100008,18609
2021-02-11,107990,17517
2021-02-12,112878,16587
2021-02-13,92929,14317
2021-02-14,82734,14164
2021-02-15,83630,14583
2021-02-16,77391,13877
2021-02-17,77652,14256
2021-02-18,78730,13547
2021-02-19,80760,13019
2021-02-20,80971,12252
2021-02-21,79283,12280
2021-02-22,75352,13288
2021-02-23,87106,15269
2021-02-24,90971,14712
2021-02-25,82568,13487
2021-02-26,70749,13345
2021-02-27,70064,10915
2021-02-28,66513,11173
2021-03-01,59508,10859
2021-03-02,63023,11452
2021-03-03,78066,11775
2021-03-04,86122,12434
2021-03-05,100077,11898
2021-03-06,79695,10932
2021-03-07,67687,10661
2021-03-08,70774,11935
2021-03-09,78362,12218
2021-03-10,73697,11676
2021-03-11,63722,10854
2021-03-12,54494,10158
2021-03-13,52724,10917
2021-03-14,55488,9795
2021-03-15,60736,12843
2021-03-16,61562,12555
2021-03-17,53280,11146
2021-03-18,55376,10591
2021-03-19,48417,9724
2021-03-20,52143,9749
2021-03-21,54731,10536
2021-03-22,50923,11093
2021-03-23,46999,10198
2021-03-24,48130,11343
2021-03-25,47138,10693
2021-03-26,48314,9774
2021-03-27,41589,8916
2021-03-28,41916,9062
2021-03-29,41249,9149
2021-03-30,44087,9673
2021-03-31,45684,9500
2021-04-01,47234,9378
2021-04-02,41449,9798
2021-04-03,41141,9428
2021-04-04,42336,9155
2021-04-05,44619,10396
2021-04-06,43682,10257
2021-04-07,48283,10368
2021-04-08,46251,9933
2021-04-09,47128,9688
2021-04-10,49676,8838
2021-04-11,49589,9019
2021-04-12,54410,9683
2021-04-13,53592,9823
2021-04-14,52993,9484
2021-04-15,48786,8722
2021-04-16,60418,9180
2021-04-17,60474,8981
2021-04-18,53737,9207
2021-04-19,55406,10994
2021-04-20,55667,10164
2021-04-21,50444,9551
2021-04-22,48424,9696
2021-04-23,60772,9972
2021-04-24,64311,9306
2021-04-25,74650,10442
2021-04-26,67043,11425
2021-04-27,70047,12315
2021-04-28,67557,10521
2021-04-29,54268,9792
2021-04-30,50303,8799
2021-05-01,57264,8005
2021-05-02,71644,8925
2021-05-03,72116,10034
2021-05-04,92058,10026
2021-05-05,99017,9711
2021-05-06,96646,11664
2021-05-07,109521,10868
2021-05-08,154262,10669
2021-05-09,811822,19358
2021-05-10,421118,15857
2021-05-11,226407,13932
2021-05-12,162517,11878
2021-05-13,156410,14873
2021-05-14,117660,11497
2021-05-15,99051,9972
2021-05-16,102077,11400
2021-05-17,109626,15345
2021-05-18,88627,11582
2021-05-19,84931,11607
2021-05-20,79436,11140
2021-05-21,66623,9374
2021-05-22,62056,8736
2021-05-23,65920,8896
2021-05-24,58574,9188
2021-05-25,57818,9151
2021-05-26,52957,8433
2021-05-27,51824,8805
2021-05-28,46110,8305
2021-05-29,45699,7753
2021-05-30,46601,8296
2021-05-31,45340,8467
2021-06-01,42949,8033
2021-06-02,45805,8238
2021-06-03,50567,8951
2021-06-04,59051,8155
2021-06-05,54158,8429
2021-06-06,61069,11447
2021-06-07,53877,10698
2021-06-08,46132,8443
2021-06-09,43783,8415
2021-06-10,38777,8084
2021-06-11,39608,8278
2021-06-12,36611,7186
2021-06-13,38426,7448
2021-06-14,40764,8149
2021-06-15,44811,7215
2021-06-16,37018,7113
2021-06-17,35567,6971
2021-06-18,33552,6448
2021-06-19,32939,6349
2021-06-20,33356,6767
2021-06-21,34217,6676
2021-06-22,32087,6856
2021-06-23,28996,6412
2021-06-24,29872,6760
2021-06-25,31622,6514
2021-06-26,31085,6216
2021-06-27,51642,6688
2021-06-28,62175,7727
2021-06-29,45071,7065
2021-06-30,35647,6794
2021-07-01,37178,7900
2021-07-02,37516,7764
2021-07-03,36090,7044
2021-07-04,37519,7091
2021-07-05,37417,7652
2021-07-06,35938,8106
2021-07-07,33906,7713
2021-07-08,33701,7280
2021-07-09,35036,7538
2021-07-10,35220,7697
2021-07-11,50165,7667
2021-07-12,48304,8719
2021-07-13,45917,9131
2021-07-14,41195,8096
2021-07-15,43276,7727
2021-07-16,59921,7818
2021-07-17,53310,7552
2021-07-18,41713,7865
2021-07-19,38511,8080
2021-07-20,54058,8746
2021-07-21,51066,8570
2021-07-22,47902,8199
2021-07-23,41301,7908
2021-07-24,43948,7685
2021-07-25,43238,8047
2021-07-26,44965,9389
2021-07-27,42186,10571
2021-07-28,36998,7987
2021-07-29,35154,8190
2021-07-30,34349,7761
2021-07-31,39233,7963
2021-08-01,36010,7114
2021-08-02,35571,7691
2021-08-03,40647,7680
2021-08-04,39882,7170
2021-08-05,38204,7287
2021-08-06,36338,7061
2021-08-07,54287,6740
2021-08-08,57823,7352
2021-08-09,48939,8049
2021-08-10,43621,7746
2021-08-11,41133,6906
2021-08-12,42082,7156
2021-08-13,44630,6815
2021-08-14,39372,6419
2021-08-15,38793,6883
2021-08-16,37702,8422
2021-08-17,35528,8638
2021-08-18,34949,8541
2021-08-19,34584,8329
2021-08-20,43127,10060
2021-08-21,42469,8815
2021-08-22,45463,8393
2021-08-23,38553,8855
2021-08-24,40048,8383
2021-08-25,37290,7783
2021-08-26,33421,7368
2021-08-27,32944,7143
2021-08-28,32029,6874
2021-08-29,39369,7213
2021-08-30,34342,7511
2021-08-31,31635,7255
2021-09-01,30128,7254
2021-09-02,29363,7356
2021-09-03,28609,6747
2021-09-04,28323,6639
2021-09-05,30063,6928
2021-09-06,32413,7086
2021-09-07,33954,7541
2021-09-08,32381,7821
2021-09-09,31711,7933
2021-09-10,28995,7351
2021-09-11,27865,6823
2021-09-12,30132,7520
2021-09-13,31763,7581
2021-09-14,38439,7598
2021-09-15,39154,7624
2021-09-16,49324,8247
2021-09-17,49669,7663
2021-09-18,54226,7235
2021-09-19,55455,7505
2021-09-20,46088,7728
2021-09-21,40115,7391
2021-09-22,35657,7547
2021-09-23,38603,7583
2021-09-24,131549,8607
2021-09-25,162267,8646
2021-09-26,84244,8208
2021-09-27,60217,8520
2021-09-28,49720,8727
2021-09-29,55470,8476
2021-09-30,80094,8702
2021-10-01,46188,7576
2021-10-02,40829,7510
2021-10-03,59795,7925
2021-10-04,60588,9099
2021-10-05,57683,8673
2021-10-06,50767,7939
2021-10-07,48897,8488
2021-10-08,61996,11947
2021-10-09,49190,8805
2021-10-10,45357,8549
2021-10-11,46160,8981
2021-10-12,48855,9496
2021-10-13,44500,9079
2021-10-14,46773,8736
2021-10-15,36419,8209
2021-10-16,39689,7428
2021-10-17,43159,8213
2021-10-18,42660,9510
2021-10-19,40371,8943
2021-10-20,41891,9180
2021-10-21,49411,10450
2021-10-22,46994,9135
2021-10-23,46076,8633
2021-10-24,42408,8458
2021-10-25,48349,15830
2021-10-26,87811,24264
2021-10-27,90097,19598
2021-10-28,76302,16986
2021-10-29,72563,14605
2021-10-30,66735,12724
2021-10-31,63318,12269
2021-11-01,93854,16560
2021-11-02,113717,18222
2021-11-03,81865,14263
2021-11-04,70928,12996
2021-11-05,61278,11278
2021-11-06,64669,11061
2021-11-07,82768,14324
2021-11-08,91832,34652
2021-11-09,75197,17715
2021-11-10,69143,15852
2021-11-11,88356,17178
2021-11-12,62169,12995
2021-11-13,57616,13334
2021-11-14,76994,13561
2021-11-15,94692,16283
2021-11-16,75674,13753
2021-11-17,67530,12517
2021-11-18,70467,11415
2021-11-19,63133,10361
2021-11-20,69486,9725
2021-11-21,81836,10800
2021-11-22,71959,11140
2021-11-23,64909,10651
2021-11-24,68136,10645
2021-11-25,57132,9308
2021-11-26,50103,8953
2021-11-27,46533,8384
2021-11-28,46948,9648
2021-11-29,45512,10583
2021-11-30,47500,10312
2021-12-01,44667,10194
2021-12-02,46849,12013
2021-12-03,48237,10853
2021-12-04,46803,8676
2021-12-05,49776,8862
2021-12-06,50897,10325
2021-12-07,58707,11158
2021-12-08,65060,10400
2021-12-09,59517,9627
2021-12-10,55862,8990
2021-12-11,49258,8532
2021-12-12,48427,8358
2021-12-13,81573,10620
2021-12-14,104713,11916
2021-12-15,96372,15469
2021-12-16,79025,10996
2021-12-17,74380,9395
2021-12-18,68252,27223
2021-12-19,61899,9688
2021-12-20,70134,11780
2021-12-21,67853,10615
2021-12-22,80841,10932
2021-12-23,86371,13467
2021-12-24,61043,9937
2021-12-25,56742,8984
2021-12-26,58122,10087
2021-12-27,57761,9747
2021-12-28,66452,9656
2021-12-29,67761,9866
2021-12-30,65597,10874
2021-12-31,55054,9316
2022-01-01,58222,8425
2022-01-02,64157,10524
2022-01-03,59260,12768
2022-01-04,61482,12785
2022-01-05,59785,11357
2022-01-06,56313,10798
2022-01-07,51507,10062
2022-01-08,50021,9105
2022-01-09,49282,9154
2022-01-10,44576,9488
2022-01-11,46529,9349
2022-01-12,44199,8973
2022-01-13,43469,8950
2022-01-14,43385,8955
2022-01-15,42325,8026
2022-01-16,44882,8663
2022-01-17,55131,9959
2022-01-18,45197,9873
2022-01-19,45956,9362
2022-01-20,40640,8949
2022-01-21,39079,8446
2022-01-22,38035,7497
2022-01-23,37646,7569
2022-01-24,38708,9161
2022-01-25,40300,9234
2022-01-26,40558,10207
2022-01-27,49143,11765
2022-01-28,58713,10867
2022-01-29,48545,9149
2022-01-30,45562,8493
2022-01-31,49195,10324
2022-02-01,46689,9662
2022-02-02,45070,9105
2022-02-03,44595,9629
2022-02-04,44552,8618
2022-02-05,41426,8046
2022-02-06,41728,8464
2022-02-07,39460,9264
2022-02-08,40720,9752
2022-02-09,40818,9401
2022-02-10,40604,8917
2022-02-11,44267,8672
2022-02-12,40316,8114
2022-02-13,41885,7615
2022-02-14,34906,7750
2022-02-15,39339,8151
2022-02-16,40096,8174
2022-02-17,43530,8268
2022-02-18,46612,8613
2022-02-19,48536,8048
2022-02-20,43770,7688
2022-02-21,41707,7928
2022-02-22,41841,8726
2022-02-23,49599,8135
2022-02-24,41238,7484
2022-02-25,36278,6240
2022-02-26,36996,5550
2022-02-27,136922,7260
2022-02-28,79668,7509
2022-03-01,69087,7305
2022-03-02,51474,7604
2022-03-03,47455,7540
2022-03-04,44694,6685
2022-03-05,57586,7226
2022-03-06,68400,7242
2022-03-07,53141,7902
2022-03-08,43473,8233
2022-03-09,40864,8022
2022-03-10,155436,8975
2022-03-11,201704,8981
2022-03-12,115750,7390
2022-03-13,84622,7900
2022-03-14,111552,9409
2022-03-15,100529,9860
2022-03-16,72468,8986
2022-03-17,54174,9578
2022-03-18,44699,7466
2022-03-19,44572,7154
2022-03-20,45483,7967
2022-03-21,43582,8657
2022-03-22,44205,10082
2022-03-23,45589,10339
2022-03-24,41022,9580
2022-03-25,38673,8756
2022-03-26,38164,7415
2022-03-27,51896,7749
2022-03-28,46662,8584
2022-03-29,42404,8240
2022-03-30,36091,7880
2022-03-31,33873,7474
2022-04-01,32133,6916
2022-04-02,33241,6856
2022-04-03,37398,8166
2022-04-04,85584,15116
2022-04-05,189840,13520
2022-04-06,121578,11970
2022-04-07,80382,10336
2022-04-08,88529,11818
2022-04-09,89481,12360
2022-04-10,100754,12556
2022-04-11,125658,20818
2022-04-12,87768,13500
2022-04-13,90164,10542
2022-04-14,353597,24961
2022-04-15,407319,27753
2022-04-16,241771,19583
2022-04-17,180659,15362
2022-04-18,156160,16433
2022-04-19,139065,14773
2022-04-20,130985,13732
2022-04-21,133294,18050
2022-04-22,124156,14010
2022-04-23,115643,12525
2022-04-24,114793,13485
2022-04-25,542872,32430
2022-04-26,1050284,51453
2022-04-27,577219,34818
2022-04-28,474189,29946
2022-04-29,337649,24888
2022-04-30,275185,19161
2022-05-01,226820,17921
2022-05-02,176966,16942
2022-05-03,201898,16079
2022-05-04,170777,15312
2022-05-05,151959,13437
2022-05-06,136395,12817
2022-05-07,119589,10970
2022-05-08,110257,10934
2022-05-09,125065,11710
2022-05-10,114502,11346
2022-05-11,113272,12199
2022-05-12,97676,15630
2022-05-13,118290,11942
2022-05-14,94009,9955
2022-05-15,90009,10244
2022-05-16,104215,10784
2022-05-17,111590,12033
2022-05-18,108638,11960
2022-05-19,105869,11352
2022-05-20,131136,12465
2022-05-21,100921,11153
2022-05-22,82985,10073
2022-05-23,71537,9841
2022-05-24,63961,9389
2022-05-25,60159,8855
2022-05-26,64279,8165
2022-05-27,66655,8055
2022-05-28,64157,7692
2022-05-29,60986,7475
2022-05-30,58814,7894
2022-05-31,59875,8058
2022-06-01,74047,9750
2022-06-02,92423,10288
2022-06-03,75055,11840
2022-06-04,63963,9513
2022-06-05,60087,8568
2022-06-06,59096,8991
2022-06-07,52103,7919
2022-06-08,45438,7633
2022-06-09,41283,7370
2022-06-10,38243,7080
2022-06-11,38294,6304
2022-06-12,41204,6680
2022-06-13,41672,7589
2022-06-14,41816,7349
2022-06-15,48910,7792
2022-06-16,55273,7869
2022-06-17,51842,7476
2022-06-18,44795,6839
2022-06-19,43709,6778
2022-06-20,67051,7091
2022-06-21,220505,8768
2022-06-22,122167,7798
2022-06-23,68531,7226
2022-06-24,51379,6256
2022-06-25,38438,5677
2022-06-26,38289,6090
2022-06-27,36360,6214
2022-06-28,43653,6383
2022-06-29,36665,6260
2022-06-30,29912,5637
2022-07-01,30658,5356
2022-07-02,59331,5252
2022-07-03,53408,5798
2022-07-04,42467,5793
2022-07-05,30687,5525
2022-07-06,31202,5937
2022-07-07,196403,8013
2022-07-08,127928,6881
2022-07-09,124678,8332
2022-07-10,73421,7784
2022-07-11,65280,7646
2022-07-12,58200,6984
2022-07-13,59755,7460
2022-07-14,64592,7040
2022-07-15,120486,6951
2022-07-16,76681,6217
2022-07-17,57281,6001
2022-07-18,48222,6429
2022-07-19,54874,6792
2022-07-20,54892,7344
2022-07-21,53582,8442
2022-07-22,44021,7158
2022-07-23,40624,6112
2022-07-24,57147,6581
2022-07-25,86127,7677
2022-07-26,48789,6973
2022-07-27,36342,6174
2022-07-28,34416,6102
2022-07-29,32759,5761
2022-07-30,31518,5590
2022-07-31,32249,5818
2022-08-01,44237,6287
2022-08-02,42282,6317
2022-08-03,33149,5788
2022-08-04,31307,6261
2022-08-05,40455,6588
2022-08-06,36084,5842
2022-08-07,34568,6010
2022-08-08,33964,6105
2022-08-09,30274,5932
2022-08-10,34237,7505
2022-08-11,30290,6224
2022-08-12,28910,5815
2022-08-13,28211,5417
2022-08-14,28750,5926
2022-08-15,28258,6364
2022-08-16,28423,6164
2022-08-17,68944,7595
2022-08-18,36420,6587
2022-08-19,30836,5845
2022-08-20,28998,5500
2022-08-21,29465,5580
2022-08-22,32416,6159
2022-08-23,32041,6642
2022-08-24,31156,6383
2022-08-25,31003,6955
2022-08-26,32200,6348
2022-08-27,33428,5598
2022-08-28,35206,5906
2022-08-29,39166,6698
2022-08-30,41771,7170
2022-08-31,34753,6942
2022-09-01,29816,6542
2022-09-02,27356,5635
2022-09-03,27931,4995
2022-09-04,30316,5365
2022-09-05,29754,6280
2022-09-06,28675,6255
2022-09-07,29677,6188
2022-09-08,29778,6017
2022-09-09,29149,5914
2022-09-10,28535,5501
2022-09-11,29761,5742
2022-09-12,33169,6287
2022-09-13,34578,6226
2022-09-14,34206,6848
2022-09-15,31370,6536
2022-09-16,41214,6693
2022-09-17,38822,6044
2022-09-18,31906,5974
2022-09-19,32485,7073
2022-09-20,34572,6769
2022-09-21,36899,7009
2022-09-22,38245,8030
2022-09-23,33834,7264
2022-09-24,32108,6358
2022-09-25,33537,6415
2022-09-26,31846,7090
2022-09-27,30891,6971
2022-09-28,29207,6852
2022-09-29,31965,7129
2022-09-30,27820,6797
2022-10-01,31018,6957
2022-10-02,29015,7186
2022-10-03,35794,8369
2022-10-04,60190,9089
2022-10-05,68164,8854
2022-10-06,48403,7731
2022-10-07,39811,7745
2022-10-08,40053,6584
2022-10-09,39216,6918
2022-10-10,43944,7597
2022-10-11,44217,7766
2022-10-12,78043,8847
2022-10-13,53844,8242
2022-10-14,53051,8056
2022-10-15,49922,7154
2022-10-16,46364,7167
2022-10-17,41378,7353
2022-10-18,41234,7573
2022-10-19,56761,8676
2022-10-20,46507,10403
2022-10-21,48938,8495
2022-10-22,40472,8282
2022-10-23,38556,7338
2022-10-24,37777,7459
2022-10-25,40238,8124
2022-10-26,62594,9033
2022-10-27,89699,9919
2022-10-28,438990,23522
2022-10-29,239970,16018
2022-10-30,164374,13711
2022-10-31,158065,14096
2022-11-01,163824,13504
2022-11-02,130933,12529
2022-11-03,125532,13674
2022-11-04,179251,15462
2022-11-05,184201,15278
2022-11-06,124391,12506
2022-11-07,146071,15358
2022-11-08,124617,15373
2022-11-09,92310,14076
2022-11-10,96908,13129
2022-11-11,115626,15460
2022-11-12,101771,16574
2022-11-13,82026,16278
2022-11-14,82304,14220
2022-11-15,79643,13501
2022-11-16,87846,13418
2022-11-17,79610,12085
2022-11-18,195533,24822
2022-11-19,137294,17298
2022-11-20,126491,15567
2022-11-21,102520,15541
2022-11-22,84414,14415
2022-11-23,75905,13649
2022-11-24,69765,23326
2022-11-25,82619,18533
2022-11-26,76109,25946
2022-11-27,67311,25596
2022-11-28,66761,17795
2022-11-29,72853,16219
2022-11-30,60769,12909
2022-12-01,62660,12065
2022-12-02,63321,11497
2022-12-03,69425,10716
2022-12-04,66945,9398
2022-12-05,70995,8938
2022-12-06,60718,8291
2022-12-07,53322,8457
2022-12-08,56062,8788
2022-12-09,56030,7741
2022-12-10,52926,6801
2022-12-11,58315,7638
2022-12-12,80544,9323
2022-12-13,82360,10109
2022-12-14,75324,9797
2022-12-15,69542,11130
2022-12-16,90109,10983
2022-12-17,79409,9511
2022-12-18,66630,8438
2022-12-19,113551,12255
2022-12-20,79091,10042
2022-12-21,81053,11024
2022-12-22,50762,9109
2022-12-23,46529,8348
2022-12-24,44792,7231
2022-12-25,44776,6843
2022-12-26,47056,7464
2022-12-27,53182,9411
2022-12-28,55023,10748
2022-12-29,51094,9244
2022-12-30,46555,8411
2022-12-31,50011,7070
2023-01-01,51622,6914
2023-01-02,51593,8263
2023-01-03,49387,11352
2023-01-04,45710,10117
2023-01-05,43107,7916
2023-01-06,42883,7653
2023-01-07,39131,6983
2023-01-08,43538,7043
2023-01-09,43407,7217
2023-01-10,41572,7623
2023-01-11,43450,7591
2023-01-12,43630,7376
2023-01-13,38816,9641
2023-01-14,35994,8729
2023-01-15,35555,8241
2023-01-16,35824,7976
2023-01-17,37583,8949
2023-01-18,38450,8500
2023-01-19,38208,7966
2023-01-20,34795,7614
2023-01-21,36091,8075
2023-01-22,35271,9433
2023-01-23,36279,9002
2023-01-24,38864,8263
2023-01-25,36825,8540
2023-01-26,38032,9611
2023-01-27,37453,8168
2023-01-28,33017,7356
2023-01-29,33164,7126
2023-01-30,33890,7723
2023-01-31,34079,7777
2023-02-01,34078,7933
2023-02-02,35077,8444
2023-02-03,33522,8313
2023-02-04,36768,8475
2023-02-05,33971,8007
2023-02-06,36004,8544
2023-02-07,36308,7303
2023-02-08,33975,7474
2023-02-09,35670,7754
2023-02-10,34683,7883
2023-02-11,34090,6190
2023-02-12,33536,6143
2023-02-13,64002,7104
2023-02-14,42095,6746
2023-02-15,43056,7240
2023-02-16,40179,7543
2023-02-17,39410,13305
2023-02-18,35604,9343
2023-02-19,34758,8053
2023-02-20,33500,7660
2023-02-21,32763,7377
2023-02-22,33269,7326
2023-02-23,34400,8666
2023-02-24,32495,7184
2023-02-25,30618,6661
2023-02-26,34025,6621
2023-02-27,39119,7387
2023-02-28,47536,9263
2023-03-01,44782,9890
2023-03-02,41670,10082
2023-03-03,37159,9640
2023-03-04,36297,8383
2023-03-05,37200,8284
2023-03-06,38990,9326
2023-03-07,42513,9688
2023-03-08,46944,8782
2023-03-09,38123,7557
2023-03-10,36902,7503
2023-03-11,37510,6665
2023-03-12,37295,6485
2023-03-13,33580,6637
2023-03-14,33537,6612
2023-03-15,33410,6558
2023-03-16,32536,6353
2023-03-17,30878,6311
2023-03-18,36631,5569
2023-03-19,42597,6028
2023-03-20,41765,6380
2023-03-21,34984,6453
2023-03-22,33641,6021
2023-03-23,31538,6214
2023-03-24,32850,6615
2023-03-25,34349,6409
2023-03-26,37506,6876
2023-03-27,46482,7841
2023-03-28,44449,7566
2023-03-29,38893,7101
2023-03-30,42871,8134
2023-03-31,36120,6560
2023-04-01,34937,6116
2023-04-02,36037,6959
2023-04-03,36256,7825
2023-04-04,41073,7527
2023-04-05,35036,5948
2023-04-06,34659,6045
2023-04-07,30540,6459
2023-04-08,29585,6404
2023-04-09,32524,6234
2023-04-10,33774,6893
2023-04-11,34921,6726
2023-04-12,80781,7235
2023-04-13,51827,6917
2023-04-14,42741,6292
2023-04-15,42782,5822
2023-04-16,39103,6211
2023-04-17,51933,6850
2023-04-18,115193,7194
2023-04-19,85652,8955
2023-04-20,85747,11589
2023-04-21,77733,10415
2023-04-22,57751,8824
2023-04-23,57266,8273
2023-04-24,60524,8333
2023-04-25,50427,7724
2023-04-26,37754,7689
2023-04-27,34015,7210
2023-04-28,31744,7033
2023-04-29,71322,10123
2023-04-30,51846,7979
2023-05-01,44405,7314
2023-05-02,38430,7454
2023-05-03,35732,7180
2023-05-04,37099,7278
2023-05-05,37180,6967
2023-05-06,46154,6764
2023-05-07,53390,7309
2023-05-08,46167,7515
2023-05-09,42133,7500
2023-05-10,38376,7437
2023-05-11,39142,7369
2023-05-12,48971,8297
2023-05-13,41913,6860
2023-05-14,36474,6939
2023-05-15,37161,7279
2023-05-16,45775,7977
2023-05-17,61926,8921
2023-05-18,50910,8123
2023-05-19,42933,7640
2023-05-20,37583,6910
2023-05-21,38140,7408
2023-05-22,37177,7421
2023-05-23,47304,7531
2023-05-24,59200,7302
2023-05-25,51878,7538
2023-05-26,45110,8839
2023-05-27,36468,6755
2023-05-28,34589,6476
2023-05-29,37510,6853
2023-05-30,35383,7299
2023-05-31,37013,7275
2023-06-01,46220,7866
2023-06-02,48064,8157
2023-06-03,37707,7361
2023-06-04,37020,7444
2023-06-05,35685,7568
2023-06-06,32513,7308
2023-06-07,31992,7921
2023-06-08,32576,8166
2023-06-09,34676,7956
2023-06-10,33705,6675
2023-06-11,37481,6474
2023-06-12,32513,7549
2023-06-13,31979,8307
2023-06-14,33364,7341
2023-06-15,33519,7148
2023-06-16,35010,6755
2023-06-17,33565,7650
2023-06-18,35663,7144
2023-06-19,35104,6741
2023-06-20,33920,6953
2023-06-21,61342,10159
2023-06-22,68168,8400
2023-06-23,66702,7901
2023-06-24,49751,6546
2023-06-25,45158,6787
2023-06-26,46452,7124
2023-06-27,39254,6784
2023-06-28,56539,7460
2023-06-29,44216,6387
2023-06-30,37955,6355
2023-07-01,48848,6894
2023-07-02,67296,8697
2023-07-03,46582,8813
2023-07-04,40739,7836
2023-07-05,38442,7102
2023-07-06,52530,7420
2023-07-07,58311,7899
2023-07-08,47049,7527
2023-07-09,42460,7777
2023-07-10,44401,7817
2023-07-11,44391,7629
2023-07-12,49660,7785
2023-07-13,48125,8713
2023-07-14,43397,19286
2023-07-15,40276,13154
2023-07-16,43314,8685
2023-07-17,38728,8364
2023-07-18,35584,8690
2023-07-19,33550,9072
2023-07-20,34703,9702
2023-07-21,34422,8132
2023-07-22,29841,7633
2023-07-23,50017,8803
2023-07-24,113365,15850
2023-07-25,93441,12960
2023-07-26,62562,10231
2023-07-27,52089,10357
2023-07-28,76637,9845
2023-07-29,68614,10026
2023-07-30,69818,10792
2023-07-31,72738,11005
2023-08-01,66282,10722
2023-08-02,50228,10173
2023-08-03,44066,11664
2023-08-04,42768,14450
2023-08-05,42329,9672
2023-08-06,52479,8309
2023-08-07,54708,9907
2023-08-08,48344,10266
2023-08-09,46801,9297
2023-08-10,44211,8255
2023-08-11,44378,7644
2023-08-12,43847,7313
2023-08-13,40641,7173
2023-08-14,40867,7447
2023-08-15,38196,7981
2023-08-16,37891,8295
2023-08-17,36210,8555
2023-08-18,39240,8646
2023-08-19,36840,8429
2023-08-20,35777,8864
2023-08-21,34439,9690
2023-08-22,36646,8022
2023-08-23,41071,9134
2023-08-24,38092,8825
2023-08-25,36356,7652
2023-08-26,35311,6862
2023-08-27,35285,6946
2023-08-28,37075,6983
2023-08-29,38057,6986
2023-08-30,31569,7849
2023-08-31,32960,8898
2023-09-01,41996,10307
2023-09-02,37047,7756
2023-09-03,34634,7770
2023-09-04,33918,7940
2023-09-05,35690,8727
2023-09-06,36474,11407
2023-09-07,46814,9635
2023-09-08,51753,7766
2023-09-09,51737,6809
2023-09-10,139919,8006
2023-09-11,121289,8496
2023-09-12,94939,8966
2023-09-13,75215,8759
2023-09-14,68418,8596
2023-09-15,55547,8743
2023-09-16,50487,10863
2023-09-17,52346,9161
2023-09-18,58533,9481
2023-09-19,58654,9379
2023-09-20,49682,8761
2023-09-21,45972,8569
2023-09-22,43808,7811
2023-09-23,39419,7358
2023-09-24,38320,7681
2023-09-25,37790,7806
2023-09-26,40203,8434
2023-09-27,38839,9238
2023-09-28,38121,7696
2023-09-29,54622,7943
2023-09-30,47216,8088
2023-10-01,40795,9510
2023-10-02,42872,10981
2023-10-03,51011,9366
2023-10-04,54012,8560
2023-10-05,46788,8805
2023-10-06,41428,10295
2023-10-07,35751,8540
2023-10-08,33612,7067
2023-10-09,32725,7580
2023-10-10,33378,7910
2023-10-11,43907,7816
2023-10-12,36786,7679
2023-10-13,32850,7381
2023-10-14,29322,8132
2023-10-15,29722,8170
2023-10-16,28785,8939
2023-10-17,28943,8850
2023-10-18,30145,9658
2023-10-19,29147,9845
2023-10-20,27490,8945
2023-10-21,26292,7017
2023-10-22,40335,8200
2023-10-23,60171,9282
2023-10-24,60309,8472
2023-10-25,38037,7916
2023-10-26,32797,7845
2023-10-27,34851,7225
2023-10-28,48600,6777
2023-10-29,48877,6807
2023-10-30,35873,7323
2023-10-31,33113,7061
2023-11-01,54292,7916
2023-11-02,51618,7336
2023-11-03,61583,7276
2023-11-04,52234,6761
2023-11-05,40806,6819
2023-11-06,36162,7499
2023-11-07,33188,7345
2023-11-08,34166,7756
2023-11-09,48635,7716
2023-11-10,43850,6900
2023-11-11,36016,6644
2023-11-12,35974,6749
2023-11-13,36125,7405
2023-11-14,34696,7499
2023-11-15,33020,7119
2023-11-16,37941,7029
2023-11-17,51360,7311
2023-11-18,138537,7966
2023-11-19,112807,7973
2023-11-20,62335,8573
2023-11-21,48641,8007
2023-11-22,47476,8385
2023-11-23,43438,7491
2023-11-24,42330,8520
2023-11-25,39821,6913
2023-11-26,39173,7035
2023-11-27,69399,9010
2023-11-28,67093,8135
2023-11-29,59047,7934
2023-11-30,101322,10801
2023-12-01,71048,13601
2023-12-02,53235,12502
2023-12-03,55912,9306
2023-12-04,44875,8653
2023-12-05,40511,8817
2023-12-06,38134,8577
2023-12-07,37019,8062
2023-12-08,36033,8176
2023-12-09,33807,7347
2023-12-10,38821,7724
2023-12-11,38647,8264
2023-12-12,35455,7732
2023-12-13,34603,9778
2023-12-14,34391,9283
2023-12-15,32046,7835
2023-12-16,32597,6788
2023-12-17,34829,7141
2023-12-18,39600,9388
2023-12-19,34280,9069
2023-12-20,30795,8476
2023-12-21,29725,7557
2023-12-22,27278,7131
2023-12-23,26919,7268
2023-12-24,26600,6158
2023-12-25,28505,6081
2023-12-26,29850,6499
2023-12-27,30409,7316
2023-12-28,29889,7792
2023-12-29,34071,10392
2023-12-30,34394,10129
2023-12-31,30227,7762
2024-01-01,30851,6345
2024-01-02,30521,8147
2024-01-03,30694,9462
2024-01-04,31295,7843
2024-01-05,30658,7516
2024-01-06,29469,6929
2024-01-07,32705,7239
2024-01-08,32299,7414
2024-01-09,33286,8563
2024-01-10,37767,9329
2024-01-11,32884,8382
2024-01-12,29872,8237
2024-01-13,27447,7557
2024-01-14,28784,8823
2024-01-15,30146,8491
2024-01-16,31772,10826
2024-01-17,34446,10922
2024-01-18,31907,10268
2024-01-19,31368,9605
2024-01-20,88043,8640
2024-01-21,39447,9236
2024-01-22,37754,10284
2024-01-23,38968,9864
2024-01-24,34632,10559
2024-01-25,32983,10951
2024-01-26,30185,9233
2024-01-27,30250,7886
2024-01-28,30670,7909
2024-01-29,29937,8784
2024-01-30,48455,10158
2024-01-31,55585,15389
2024-02-01,41480,10850
2024-02-02,36749,9372
2024-02-03,35096,7879
2024-02-04,38192,8105
2024-02-05,39961,8344
2024-02-06,36877,7929
2024-02-07,37370,7997
2024-02-08,34541,7874
2024-02-09,32234,6904
2024-02-10,29741,6321
2024-02-11,30372,6690
2024-02-12,32319,7393
2024-02-13,29304,7623
2024-02-14,26791,7024
2024-02-15,28284,7538
2024-02-16,27301,6901
2024-02-17,25075,6055
2024-02-18,26213,6627
2024-02-19,26622,7384
2024-02-20,29254,7472
2024-02-21,30272,7251
2024-02-22,28675,7548
2024-02-23,28652,7502
2024-02-24,27497,6883
2024-02-25,30463,7291
2024-02-26,28671,8231
2024-02-27,28890,9461
2024-02-28,27570,8583
2024-02-29,27442,7656
2024-03-01,28741,7325
2024-03-02,29298,7146
2024-03-03,34930,7381
2024-03-04,36789,8576
2024-03-05,43113,8875
2024-03-06,44974,8884
2024-03-07,34907,8169
2024-03-08,29144,7483
2024-03-09,27428,6922
2024-03-10,29732,7410
2024-03-11,28475,7601
2024-03-12,27043,7556
2024-03-13,30133,7470
2024-03-14,38283,8475
2024-03-15,31782,7691
2024-03-16,29277,7079
2024-03-17,27992,6997
2024-03-18,31556,8220
2024-03-19,39943,7807
2024-03-20,32143,7518
2024-03-21,31894,7616
2024-03-22,27352,7110
2024-03-23,27276,6399
2024-03-24,28531,6483
2024-03-25,27988,6878
2024-03-26,29074,7379
2024-03-27,27220,7269
2024-03-28,25149,6801
2024-03-29,25789,6524
2024-03-30,24853,6294
2024-03-31,29177,6523
2024-04-01,25909,7051
2024-04-02,26837,8233
2024-04-03,26893,8887
2024-04-04,24525,8080
2024-04-05,25312,7844
2024-04-06,23585,6997
2024-04-07,25533,7005
2024-04-08,26963,7256
2024-04-09,26776,7557
2024-04-10,25386,7418
2024-04-11,27686,7963
2024-04-12,26749,7608
2024-04-13,24135,6906
2024-04-14,25442,6857
2024-04-15,32074,11700
2024-04-16,29939,13101
2024-04-17,30041,12792
2024-04-18,28333,10712
2024-04-19,26478,8844
2024-04-20,27411,8935
2024-04-21,28082,9121
2024-04-22,29183,11528
2024-04-23,31839,12118
2024-04-24,30289,11705
2024-04-25,26874,8680
2024-04-26,24785,8407
2024-04-27,24371,7688
2024-04-28,28947,8870
2024-04-29,28973,9240
2024-04-30,26458,9400
2024-05-01,24487,8205
2024-05-02,23645,8953
2024-05-03,23078,8284
2024-05-04,23400,7404
2024-05-05,24175,7172
2024-05-06,25151,7661
2024-05-07,24935,7422
2024-05-08,24489,7571
2024-05-09,23499,7292
2024-05-10,22112,6063
2024-05-11,19886,5529
2024-05-12,21180,5486
2024-05-13,22763,6185
2024-05-14,21029,6133
2024-05-15,20389,6034
2024-05-16,20024,6214
2024-05-17,19732,6135
2024-05-18,19027,5227
2024-05-19,23067,5471
2024-05-20,24253,6429
2024-05-21,22835,6756
2024-05-22,21714,5936
2024-05-23,21530,6090
2024-05-24,21757,5523
2024-05-25,20259,5040
2024-05-26,20032,5534
2024-05-27,21530,6338
2024-05-28,22441,6257
2024-05-29,23297,6220
2024-05-30,24011,6081
2024-05-31,21716,5387
2024-06-01,20184,5155
2024-06-02,20639,5257
2024-06-03,19928,5848
2024-06-04,20191,5654
2024-06-05,24446,5623
2024-06-06,23143,5744
2024-06-07,21756,6230
2024-06-08,20694,5592
2024-06-09,21622,5718
2024-06-10,22836,6245
2024-06-11,25744,6365
2024-06-12,28534,7495
2024-06-13,35599,8207
2024-06-14,36714,9389
2024-06-15,25074,6570
2024-06-16,26153,6063
2024-06-17,29938,6162
2024-06-18,23878,6160
2024-06-19,23075,6174
2024-06-20,21784,5753
2024-06-21,24494,5367
2024-06-22,35738,5126
2024-06-23,56401,5858
2024-06-24,121853,6384
2024-06-25,94393,5950
2024-06-26,68755,6006
2024-06-27,48108,5768
2024-06-28,41536,4910
2024-06-29,31588,4656
2024-06-30,27871,4788
2024-07-01,25686,5286
2024-07-02,23953,5852
2024-07-03,23238,7399
2024-07-04,24849,6472
2024-07-05,24194,5736
2024-07-06,24929,4984
2024-07-07,25029,5133
2024-07-08,22471,5249
2024-07-09,21480,5551
2024-07-10,23178,7099
2024-07-11,23817,5976
2024-07-12,26893,5742
2024-07-13,32341,5573
2024-07-14,40350,5115
2024-07-15,30570,5287
2024-07-16,45698,6343
2024-07-17,51968,6902
2024-07-18,36997,5904
2024-07-19,34540,6251
2024-07-20,34323,6358
2024-07-21,35868,5283
2024-07-22,53159,5715
2024-07-23,137766,6866
2024-07-24,94085,8497
2024-07-25,81021,7599
2024-07-26,98289,6116
2024-07-27,65865,5510
2024-07-28,55527,5442
2024-07-29,47119,5882
2024-07-30,44477,6173
2024-07-31,39675,5733
2024-08-01,38615,4849
2024-08-02,36258,4677
2024-08-03,38611,4798
2024-08-04,35459,4796
2024-08-05,40080,5082
2024-08-06,66105,5402
2024-08-07,60604,5273
2024-08-08,48786,5377
2024-08-09,43848,5103
2024-08-10,42091,4797
2024-08-11,39292,4756
2024-08-12,53923,5390
2024-08-13,130244,7844
2024-08-14,73819,7312
2024-08-15,48098,5304
2024-08-16,44632,5151
2024-08-17,41623,4717
2024-08-18,40705,4850
2024-08-19,37231,5158
2024-08-20,40305,5647
2024-08-21,38128,16125
2024-08-22,33489,8997
2024-08-23,33278,5587
2024-08-24,34666,4971
2024-08-25,37719,5420
2024-08-26,37106,6014
2024-08-27,34843,6032
2024-08-28,31238,5765
2024-08-29,31284,5591
2024-08-30,32809,5507
2024-08-31,35087,4995
2024-09-01,32003,5548
2024-09-02,35096,5904
2024-09-03,35839,6443
2024-09-04,31482,6154
2024-09-05,41227,5811
2024-09-06,38042,5638
2024-09-07,31438,5206
2024-09-08,34462,5399
2024-09-09,36433,6226
2024-09-10,39136,6494
2024-09-11,50014,6297
2024-09-12,50033,6215
2024-09-13,41734,5885
2024-09-14,36050,5149
2024-09-15,38871,5475
2024-09-16,42359,6171
2024-09-17,46440,6414
2024-09-18,40844,6529
2024-09-19,38274,6166
2024-09-20,37287,6172
2024-09-21,35731,5985
2024-09-22,34965,6148
2024-09-23,32650,6247
2024-09-24,33409,6083
2024-09-25,34112,6038
2024-09-26,39181,6288
2024-09-27,30289,5550
2024-09-28,28176,5012
2024-09-29,33541,5192
2024-09-30,31907,5457
2024-10-01,28485,5549
2024-10-02,27922,5679
2024-10-03,29054,5575
2024-10-04,30896,5594
2024-10-05,65343,5219
2024-10-06,123661,6900
2024-10-07,84171,6626
2024-10-08,77054,6626
2024-10-09,58407,6349
2024-10-10,45126,6868
2024-10-11,57055,11514
2024-10-12,52130,8904
2024-10-13,74085,9621
2024-10-14,89349,10444
2024-10-15,77518,9639
2024-10-16,72497,8858
2024-10-17,65996,8183
2024-10-18,75860,7764
2024-10-19,70116,6779
2024-10-20,85653,7355
2024-10-21,88497,8299
2024-10-22,84920,7718
2024-10-23,79682,8210
2024-10-24,69226,9081
2024-10-25,80803,9064
2024-10-26,75354,7289
2024-10-27,128005,7349
2024-10-28,138544,8370
2024-10-29,100576,7581
2024-10-30,93990,7700
2024-10-31,91599,7530
2024-11-01,98446,6884
2024-11-02,94435,7090
2024-11-03,81512,7565
2024-11-04,87374,8401
2024-11-05,138450,9076
2024-11-06,277589,11910
2024-11-07,269120,12558
2024-11-08,229619,13019
2024-11-09,218818,11714
2024-11-10,192850,11458
2024-11-11,172094,11980
2024-11-12,154046,12572
2024-11-13,359984,16512
2024-11-14,235853,13884
2024-11-15,179690,11086
2024-11-16,136170,9186
2024-11-17,153303,10838
2024-11-18,119900,10240
2024-11-19,123915,10417
2024-11-20,124166,12069
2024-11-21,108436,12146
2024-11-22,88181,10624
2024-11-23,85399,9158
2024-11-24,89907,10385
2024-11-25,84758,9937
2024-11-26,78454,9575
2024-11-27,76784,10449
2024-11-28,75192,8683
2024-11-29,79726,9629
2024-11-30,74150,8770
2024-12-01,66844,8672
2024-12-02,58527,9943
2024-12-03,61560,12069
2024-12-04,52090,10817
2024-12-05,63007,8778
2024-12-06,79910,9180
2024-12-07,67000,8880
2024-12-08,59247,7514
2024-12-09,53650,8086
2024-12-10,51550,8467
2024-12-11,54948,9060
2024-12-12,78410,9223
2024-12-13,70171,8539
2024-12-14,61999,7555
2024-12-15,73297,8701
2024-12-16,58885,9491
2024-12-17,59059,8880
2024-12-18,65595,8492
2024-12-19,100367,8556
2024-12-20,136246,9157
2024-12-21,121977,8466
2024-12-22,107255,8187
2024-12-23,107920,8414
2024-12-24,81838,7779
2024-12-25,77937,7490
2024-12-26,79741,8145
2024-12-27,98426,9086
2024-12-28,108659,16465
2024-12-29,104179,12414
2024-12-30,80339,11816
2024-12-31,76582,9712
2025-01-01,87934,9543
2025-01-02,87340,12708
2025-01-03,85564,10335
2025-01-04,79879,8605
2025-01-05,109020,9113
2025-01-06,122544,9974
2025-01-07,126702,10412
2025-01-08,118285,9972
2025-01-09,95768,9409
2025-01-10,91342,9743
2025-01-11,82166,8309
2025-01-12,78358,7895
2025-01-13,74209,8603
2025-01-14,75508,8372
2025-01-15,68070,8372
2025-01-16,72489,8297
2025-01-17,82866,8540
2025-01-18,78224,7506
2025-01-19,104674,7774
2025-01-20,350329,11001
2025-01-21,512817,16321
2025-01-22,364970,15056
2025-01-23,289067,13806
2025-01-24,195802,12015
2025-01-25,162256,9963
2025-01-26,163247,10395
2025-01-27,128001,10227
2025-01-28,116238,9825
2025-01-29,105966,9498
2025-01-30,96942,9418
2025-01-31,88091,9327
2025-02-01,91066,8404
2025-02-02,104477,9063
2025-02-03,163923,10101
2025-02-04,192811,9405
2025-02-05,185532,9634
2025-02-06,202136,11207
2025-02-07,192150,10859
2025-02-08,192247,9369
2025-02-09,176645,9147
2025-02-10,135946,8709
2025-02-11,211105,10510
2025-02-12,393980,11719
2025-02-13,316432,11616
2025-02-14,257341,9841
2025-02-15,339534,10059
2025-02-16,312209,10386
2025-02-17,216984,10044
2025-02-18,214937,11564
2025-02-19,253786,13105
2025-02-20,194591,14122
2025-02-21,183104,10238
2025-02-22,159877,9508
2025-02-23,199340,10659
2025-02-24,178321,11870
2025-02-25,168988,11156
2025-02-26,178695,13269
2025-02-27,165022,12079
2025-02-28,125691,11483
2025-03-01,217618,13280
2025-03-02,205484,13197
2025-03-03,140902,13193
2025-03-04,123155,13212
2025-03-05,155852,12836
2025-03-06,114867,12596
2025-03-07,115774,14117
2025-03-08,102490,11082
2025-03-09,97501,13889
2025-03-10,100074,15632
2025-03-11,126726,23534
2025-03-12,118612,22889
2025-03-13,95673,17207
2025-03-14,84686,13767
2025-03-15,91227,12127
2025-03-16,92034,14549
2025-03-17,79094,17596
2025-03-18,83199,18767
2025-03-19,130668,19191
2025-03-20,107069,20325
2025-03-21,107468,20496
2025-03-22,93524,20518
2025-03-23,91723,16410
2025-03-24,80654,15341
2025-03-25,66373,14011
2025-03-26,61799,13397
2025-03-27,58589,14800
2025-03-28,66227,13275
2025-03-29,76552,10372
2025-03-30,70217,9517
2025-03-31,73109,10919
2025-04-01,72875,10666
2025-04-02,81273,12115
2025-04-03,66772,10170
2025-04-04,55125,8592
2025-04-05,51007,7352
2025-04-06,60847,8019
2025-04-07,53229,8341
2025-04-08,53914,7774
2025-04-09,49974,7125
2025-04-10,42921,6269
2025-04-11,38111,5966
2025-04-12,36006,5044
2025-04-13,38151,5241
2025-04-14,34284,5418
2025-04-15,33787,5126
2025-04-16,41539,5507
2025-04-17,46268,5264
2025-04-18,40520,4899
2025-04-19,36361,4510
2025-04-20,37710,4508
2025-04-21,35792,5144
2025-04-22,34364,6582
2025-04-23,40875,8556
2025-04-24,34202,6220
2025-04-25,29981,5317
2025-04-26,25677,4515
2025-04-27,25848,8042
2025-04-28,26538,5116
2025-04-29,26469,5100
2025-04-30,28098,5015
2025-05-01,34575,10211
2025-05-02,31778,6260
2025-05-03,28376,4704
2025-05-04,32554,4983
2025-05-05,29154,5452
2025-05-06,27488,5697
2025-05-07,24491,4830
2025-05-08,24783,4608
2025-05-09,26060,4383
2025-05-10,26335,10850
2025-05-11,25889,4622
2025-05-12,27693,4800
2025-05-13,30546,5379
2025-05-14,29245,5331
2025-05-15,26450,4736
2025-05-16,25110,4512
2025-05-17,23620,4559
2025-05-18,23173,4529
2025-05-19,24355,5162
2025-05-20,27836,4644
2025-05-21,32889,4980
2025-05-22,32963,4758
2025-05-23,26797,4936
2025-05-24,25420,4395
2025-05-25,24902,4448
2025-05-26,24056,4607
2025-05-27,25079,4957
2025-05-28,30503,4852
2025-05-29,71483,5679
2025-05-30,67830,4979
2025-05-31,62734,4444
2025-06-01,48309,3920
2025-06-02,37073,4227
2025-06-03,39745,4457
2025-06-04,45256,4543
2025-06-05,101880,6691
2025-06-06,209111,10359
2025-06-07,123913,6824
2025-06-08,86858,6141
2025-06-09,62579,6061
2025-06-10,48578,5647
2025-06-11,45176,4977
2025-06-12,37613,4282
2025-06-13,31474,4400
2025-06-14,29824,4727
2025-06-15,31358,5645
2025-06-16,28337,4927
2025-06-17,27090,4620
2025-06-18,27892,4223
2025-06-19,29470,4533
2025-06-20,26522,4423
2025-06-21,23830,3949
2025-06-22,24382,3909
2025-06-23,24025,4436
2025-06-24,23008,4272
2025-06-25,24170,4360
2025-06-26,23826,4541
2025-06-27,24202,3846
2025-06-28,30934,3770
2025-06-29,29972,3880
2025-06-30,24165,3730
2025-07-01,64790,4570
2025-07-02,57962,4497
2025-07-03,32685,3823
2025-07-04,28328,3331
2025-07-05,35425,3349
2025-07-06,76894,4186
2025-07-07,54318,5252
2025-07-08,37188,4691
2025-07-09,32072,4268
2025-07-10,28311,4207
2025-07-11,25637,4231
2025-07-12,27596,3674
2025-07-13,25819,3446
2025-07-14,23662,5078
2025-07-15,25052,8852
2025-07-16,23378,7070
2025-07-17,22186,5644
2025-07-18,20184,5380
2025-07-19,19564,5013
2025-07-20,20193,5387
2025-07-21,26059,5574
2025-07-22,22730,4979
2025-07-23,20946,5473
2025-07-24,21618,5649
2025-07-25,29152,4388
2025-07-26,18941,3766
2025-07-27,20180,3934
2025-07-28,20678,4513
2025-07-29,19989,4652
2025-07-30,20218,4267
2025-07-31,19416,4319
2025-08-01,18566,4179
2025-08-02,18342,3858
2025-08-03,18225,3551
2025-08-04,21171,6068
2025-08-05,22484,5341
2025-08-06,20163,4366
2025-08-07,20133,4228
2025-08-08,20538,4126
2025-08-09,18928,3396
2025-08-10,20266,3928
2025-08-11,19788,4518
2025-08-12,20148,4515
2025-08-13,20515,4405
2025-08-14,18925,4569
2025-08-15,18617,3745
2025-08-16,17754,3578
2025-08-17,18090,3460
2025-08-18,18521,3769
2025-08-19,18438,3787
2025-08-20,19942,5662
2025-08-21,18322,4259
2025-08-22,19230,3910
2025-08-23,18393,4310
2025-08-24,18787,4661
2025-08-25,19307,4009
2025-08-26,18982,3939
2025-08-27,20261,3911
2025-08-28,18137,3683
2025-08-29,17343,3622
2025-08-30,17217,3289
2025-08-31,17408,3281
2025-09-01,17302,3534
2025-09-02,17297,3702
2025-09-03,19512,3617
2025-09-04,18633,3613
2025-09-05,22331,6502
2025-09-06,21087,5544
2025-09-07,19562,4369
2025-09-08,19256,4703
2025-09-09,18445,5137
2025-09-10,25392,5057
2025-09-11,27465,4100
2025-09-12,22018,3945
2025-09-13,24562,3145
2025-09-14,29029,3424
2025-09-15,27357,4707
2025-09-16,24009,4433
2025-09-17,21896,4672
2025-09-18,20288,5661
2025-09-19,18723,5344
2025-09-20,18976,4800
2025-09-21,23205,4330
2025-09-22,30584,4849
2025-09-23,28058,4604
2025-09-24,25053,4343
2025-09-25,24051,4382
2025-09-26,24052,4033
2025-09-27,22068,3661
2025-09-28,18712,3547
2025-09-29,18652,3900
2025-09-30,18245,3696
2025-10-01,19906,3814
2025-10-02,32271,5302
2025-10-03,28084,4779
2025-10-04,22312,3717
2025-10-05,20758,3599
2025-10-06,21766,4165
2025-10-07,21958,4320
2025-10-08,19837,4144
2025-10-09,20839,4240
2025-10-10,18940,4572
2025-10-11,20634,4155
2025-10-12,18694,3707
2025-10-13,18302,5570
2025-10-14,19790,4811
2025-10-15,18603,4491
2025-10-16,17516,3520
2025-10-17,17206,3297
2025-10-18,17023,2925
2025-10-19,18254,3219
2025-10-20,16926,3523
2025-10-21,20964,3519
2025-10-22,18538,4152
2025-10-23,18978,4294
2025-10-24,20571,3549
2025-10-25,16700,3050
2025-10-26,18762,3350
2025-10-27,19194,4152
2025-10-28,24767,4752
2025-10-29,21893,4219
2025-10-30,21098,4091
2025-10-31,20256,4430
2025-11-01,20057,3073
2025-11-02,19925,3268
2025-11-03,22975,4134
2025-11-04,23169,4377
2025-11-05,23148,4436
2025-11-06,27096,5892
2025-11-07,49137,11597
2025-11-08,33467,6708
2025-11-09,26057,4786
2025-11-10,23829,4517
2025-11-11,22478,4399
2025-11-12,21425,4066
2025-11-13,21336,3924
2025-11-14,24363,3742
2025-11-15,21786,3339
2025-11-16,21529,3438
2025-11-17,23326,3798
2025-11-18,23307,3871
2025-11-19,22802,3932
2025-11-20,22788,3959
2025-11-21,22602,3677
2025-11-22,21854,3395
2025-11-23,20850,3456
2025-11-24,21902,3527
2025-11-25,21106,3533
2025-11-26,18398,3815
2025-11-27,18010,3422
2025-11-28,18613,3289
2025-11-29,18258,2821
2025-11-30,27431,3309
2025-12-01,60829,4289
2025-12-02,43226,3657
2025-12-03,31729,3636
2025-12-04,26829,3539
2025-12-05,23123,3393
2025-12-06,21883,3291
2025-12-07,22531,3303
2025-12-08,22960,3787
2025-12-09,20571,3628
2025-12-10,23452,3478
2025-12-11,22697,4354
2025-12-12,27300,8659
2025-12-13,21158,6638
2025-12-14,20969,8438
2025-12-15,21476,8790
2025-12-16,28048,9400
2025-12-17,27740,9552
2025-12-18,25309,8625
2025-12-19,25199,9155
2025-12-20,27070,9046
2025-12-21,34728,9605
2025-12-22,32418,8893
2025-12-23,28856,9172
2025-12-24,25428,8985
2025-12-25,23802,9434
2025-12-26,24459,9276
2025-12-27,29490,10577
2025-12-28,23705,11020
2025-12-29,24787,9784
2025-12-30,24317,9584
2025-12-31,20876,7819
2026-01-01,22028,8937
2026-01-02,23998,9242
2026-01-03,25918,7087
2026-01-04,22465,5114
2026-01-05,22146,5242
2026-01-06,22739,4714
2026-01-07,21910,4273
2026-01-08,27666,4791
2026-01-09,30816,5938
2026-01-10,27132,5769
2026-01-11,27204,5722
2026-01-12,30809,6035
2026-01-13,33485,6767
2026-01-14,27081,7442
2026-01-15,33663,5924
2026-01-16,31167,5958
2026-01-17,33570,6063
2026-01-18,26789,5810
2026-01-19,25433,6192
2026-01-20,26551,6175
2026-01-21,25144,5782
2026-01-22,25874,3725
2026-01-23,26448,4094
2026-01-24,24639,4064
2026-01-25,23506,4163
2026-01-26,22054,3422
2026-01-27,23304,4237
2026-01-28,22811,4191
2026-01-29,22781,10992
2026-01-30,24399,7019
2026-01-31,36407,4856
2026-02-01,36331,4228
2026-02-02,36693,4888
2026-02-03,41565,5055
2026-02-04,43674,4794
2026-02-05,41927,5408
2026-02-06,31570,4047
2026-02-07,28869,3520
2026-02-08,24980,3273
2026-02-09,25423,3791
2026-02-10,24829,3769
2026-02-11,25494,3764
2026-02-12,22589,3728
2026-02-13,20423,3481
2026-02-14,19199,2829
2026-02-15,19478,2845
2026-02-16,22091,3184
2026-02-17,20264,3359
2026-02-18,20868,3293
2026-02-19,20100,3258
2026-02-20,20742,3353
2026-02-21,19324,3049
2026-02-22,19334,2985
2026-02-23,19300,3417
2026-02-24,20348,3650
2026-02-25,18539,3325
2026-02-26,18945,3372
2026-02-27,19357,3414
2026-02-28,17058,2718
2026-03-01,17052,2641
2026-03-02,17816,3322
2026-03-03,16448,3507
2026-03-04,18716,3047
2026-03-05,16780,3066
2026-03-06,16664,2960
2026-03-07,15777,3039
2026-03-08,16041,2909
2026-03-09,16966,3642
2026-03-10,17185,4233
2026-03-11,19160,3319
2026-03-12,18553,3453
2026-03-13,17740,3263
2026-03-14,15833,2924
2026-03-15,17349,2948
2026-03-16,16200,3299
2026-03-17,16257,3226
2026-03-18,15925,3600
2026-03-19,17282,4107
2026-03-20,20124,3387
2026-03-21,27857,2908
2026-03-22,22102,3048
2026-03-23,19770,3468
2026-03-24,19509,3479
2026-03-25,18530,4195
2026-03-26,18113,3296
2026-03-27,16779,3093
2026-03-28,19053,3022
2026-03-29,17359,3233
2026-03-30,16688,3466
2026-03-31,16060,3482
2026-04-01,17672,3751
2026-04-02,18891,3644
2026-04-03,16933,3596
2026-04-04,15688,2887
2026-04-05,15436,2875
2026-04-06,17087,3146
2026-04-07,16031,3265
2026-04-08,14572,3193
2026-04-09,15214,3318
2026-04-10,16085,3328
2026-04-11,17558,3066
2026-04-12,16375,3026
2026-04-13,17844,3071
2026-04-14,16402,3230
2026-04-15,17442,3711
2026-04-16,16064,3251
2026-04-17,15339,3857
2026-04-18,15404,3039
2026-04-19,15426,3384
2026-04-20,16233,3721
2026-04-21,15611,4151
2026-04-22,15209,4032
2026-04-23,16432,4077
